Wavelength	Intensity	Intensity	Intensity	Intensity	Intensity	Intensity	Intensity	Intensity	Intensity	Intensity	Intensity	Intensity	Intensity	Intensity	Intensity	Intensity	Intensity	Intensity	Intensity	Intensity
nm	arb. u.	arb. u.	arb. u.	arb. u.	arb. u.	arb. u.	arb. u.	arb. u.	arb. u.	arb. u.	arb. u.	arb. u.	arb. u.	arb. u.	arb. u.	arb. u.	arb. u.	arb. u.	arb. u.	arb. u.
Wavelength	5 K	20 K	35 K	50 K	65 K	80 K	95 K	110 K	125 K	140 K	155 K	170 K	185 K	200 K	215 K	230 K	245 K	260 K	275 K	290 K
395	390143.594	378344.969	239718.297	77909.8594	45611.1797	33077.4766	14534.9336	5750.24658	2458.73828	1461.41345	1052.02161	842.104187	838.367615	739.292236	722.598511	705.442444	683.10321	710.800354	637.608765	630.812195
396	375119.031	360986.375	225903.891	73106.6797	43843.125	31990.209	14060.7676	5529.41357	2436.20435	1418.9436	1050.4906	879.90155	832.826294	725.77301	781.884644	717.950623	708.882813	649.488586	628.106018	623.459595
397	357740.031	349360.75	213527.859	68549.9609	41435.8086	30043.7656	13544.2139	5161.82959	2411.29712	1420.28162	1084.53125	955.808655	848.101501	770.440979	754.951233	729.690735	727.779724	653.608032	648.38092	640.39093
398	346946.344	334832.969	203915.734	65757.8516	39010.707	27918.2129	12859.9521	4947.66162	2298.7605	1369.52734	1039.04028	923.150208	824.167175	781.540161	791.620422	783.543884	726.830933	729.839539	685.456482	661.137939
399	332539.844	316810.781	191762.328	61194.4492	36773.9336	27096.8516	12087.3994	4786.88037	2229.05762	1345.27881	1066.49304	932.842468	859.728333	825.848694	779.66156	784.697144	715.710571	751.347229	680.903381	675.730286
400	318409.844	306684.031	180161.031	57272.4688	34407.0781	25290.1895	11364.4121	4502.31006	2163.14014	1371.61096	1021.21674	899.241882	814.954773	809.338013	775.623657	782.564819	768.625854	724.000305	698.659668	700.981873
401	309000	293108.031	172184.141	54736.2031	32128.7578	23323.457	10669.7393	4429.16504	2054.0354	1264.61523	1057.27441	918.197388	880.620239	802.277161	815.20459	810.453308	782.875549	728.706665	721.424194	722.732605
402	298109.531	279383.813	161217.438	50929.3477	30529.4141	22506.8027	10368.3994	4334.86035	2033.2959	1377.16223	1023.91119	941.86377	904.970947	834.740051	856.155579	808.23114	818.558838	799.179626	764.236511	748.10199
403	284629.25	268547	151235.766	47424.2539	28544.7344	20833.4688	9551.75488	3931.61255	2016.38208	1296.39368	1106.92786	992.651123	932.329895	850.638733	845.761292	805.794006	816.465454	764.731445	769.936523	761.564758
404	278874.938	259171.391	144582.453	45056.6406	26483.3574	19617.5449	8993.1582	3710.51367	1964.34802	1286.62292	1127.85498	1004.47467	942.400635	939.288147	852.834473	890.244141	844.051758	810.53418	786.14624	793.980286
405	268953.125	246947.438	135329.969	41986.2578	25056.2871	18588.6094	8721.40918	3703.34277	1923.66992	1339.34937	1087.01868	1006.83191	926.262512	877.71814	907.861816	859.952881	868.53717	836.848999	825.091675	838.581909
406	258747	240109.781	128324.008	39247.5586	23576.8281	16903.6328	8109.29736	3543.80225	1918.21765	1289.20862	1136.51111	960.075012	986.129578	925.452271	930.61261	905.873596	907.327515	847.740967	893.393188	845.06189
407	254162.359	231597.984	123060.492	37208.1953	22150.9531	16166.8047	7547.85791	3389.41846	1940.43054	1262.07874	1168.56653	1059.01318	1032.76465	940.906433	920.335938	901.99292	872.681946	894.058838	875.112061	872.339294
408	245517.156	221802.891	116529.875	35300.0664	20662.3125	15409.5986	7087.55566	3254.69946	1841.08362	1336.80896	1183.95081	1144.70483	1026.55444	951.202637	982.160706	896.090698	964.21637	942.401123	893.143616	892.649597
409	238617.438	217315.813	110874.539	32958.9648	19712.5977	14468.7764	6876.06006	3187.87183	1803.64697	1339.05835	1208.64014	1087.44446	1007.48029	1058.61328	1038.20898	993.306274	1004.14807	968.40387	929.362122	990.110657
410	233412.328	208658.406	105832.227	31311.5156	18384.7715	13465.6387	6532.20996	3072.75269	1818.14368	1377.93567	1202.297	1133.13525	1106.01038	1126.38025	1048.16809	990.487732	988.173645	973.81897	956.965454	950.780457
411	227781.547	203007.906	100685.742	29621.2109	17626.0293	12814.4443	6256.53271	3085.17432	1832.87085	1374.89441	1267.64319	1187.48425	1170.24414	1148.50903	1109.03442	1054.90918	1035.69604	1057.74243	1101.57544	1120.2655
412	223650.547	199909.5	98680.2656	29096.9551	16680.5586	12210.334	5897.82031	2893.24292	1795.53284	1416.66907	1302.51221	1201.61047	1173.21741	1190.6698	1117.5741	1089.75427	1160.29626	1095.55359	1090.17126	1062.85266
413	220679.125	193449.656	95340.2109	27637.0879	15876.374	11730.1504	5642.104	2888.35156	1818.0697	1524.26855	1321.47949	1308.80005	1192.14746	1232.74133	1214.70068	1125.99084	1110.19116	1010.73309	1064.76904	1135.05847
414	215778.188	189679.422	91632.25	26214.6816	15336.1182	11234.334	5568.02051	2896.77417	1836.20288	1522.74817	1351.36755	1286.25586	1236.69592	1240.44861	1207.44885	1257.89014	1152.59277	1139.75012	1162.40942	1249.13428
415	214155.734	187953.672	89813.1094	25332.3086	14800.1553	10678.1006	5415.73096	2685.99585	1921.75049	1583.66638	1465.74158	1335.18689	1263.21619	1285.72339	1323.86816	1305.35193	1236.74658	1163.75415	1198.15613	1172.85632
416	211432.469	183311.938	87339.3594	24754.4766	14119.6221	10217.8691	5333.87598	2726.96143	1895.26355	1526.45178	1430.42847	1423.95996	1311.93896	1319.3125	1329.06213	1317.88647	1285.85022	1206.24939	1204.71252	1250.9635
417	207641.344	180950.391	85466.9766	23901.0449	14089.9756	10137.0498	5096.30762	2728.49194	1967.62268	1616.01074	1436.2196	1398.29224	1403.65332	1335.75171	1314.95654	1344.56787	1301.302	1228.93286	1278.20044	1278.0155
418	206309.141	181667.875	85002.1719	23589.4844	13494.0176	9753.75488	5049.58643	2667.3479	1872.24805	1705.73401	1496.75525	1500.65747	1363.07251	1383.12854	1397.53809	1310.87097	1321.40601	1312.09961	1342.86255	1295.84863
419	206582.219	178256.75	83549.3438	23186.7637	13306.4473	9426.2002	4901.17041	2662.77295	2029.30798	1700.84375	1604.76001	1487.09412	1493.6311	1438.80261	1381.79163	1437.37939	1381.8938	1384.83069	1315.49756	1308.68408
420	204058.828	176809.813	81506.8359	22585.3711	12899.1865	9327.96484	4886.94824	2829.79907	2023.5033	1761.91187	1614.20142	1548.27222	1518.63159	1585.00232	1454.31445	1483.93005	1407.84558	1419.09204	1401.94202	1377.31763
421	203248.953	176919.391	82155.6016	22266.6152	12598.2725	9028.70215	4822.95801	2778.92554	2085.70044	1821.16296	1638.38306	1585.55713	1571.62903	1531.02966	1506.70544	1568.71179	1437.06128	1486.36987	1414.53906	1514.98059
422	204151.313	175090.391	81199.125	22453.3965	12507.2256	8890.22949	4746.46533	2844.75244	2040.39478	1802.13147	1759.04248	1624.08813	1586.94971	1568.78674	1551.15918	1502.06714	1497.47253	1444.74414	1401.84802	1425.43921
423	201615.984	173791.609	80602.3672	21786.2598	12428.7861	8919.92188	4743.08887	2783.9436	2164.41211	1865.79102	1766.43762	1692.98755	1650.00549	1656.79944	1560.25916	1562.81885	1487.11731	1587.24402	1493.81628	1476.49219
424	201235.813	175655.844	81087.5469	21728.1094	12110.625	8685.87207	4651.72168	2785.82739	2148.854	1868.79626	1787.87207	1794.45581	1708.04419	1625.84106	1649.0105	1604.30554	1560.96484	1535.33264	1569.90039	1572.68091
425	203276.875	174400.813	80852.9844	21559.3184	12128.9277	8604.69238	4797.17139	2874.63428	2156.90381	1891.31555	1902.8783	1738.45532	1739.92725	1732.31506	1641.1012	1586.71619	1660.01208	1591.58606	1575.4281	1594.5658
426	200950.328	174118.969	80040.5391	21301.7402	11916.5615	8626.67285	4688.46045	2888.09717	2207.94849	1875.0697	1957.94775	1805.82117	1672.9812	1704.98767	1747.28052	1730.05298	1632.40808	1692.42749	1689.14368	1631.30444
427	201207.844	176526.016	81178.3672	21347.7695	11784.4893	8584.52246	4808.50781	2895.04468	2288.53809	2056.57935	1943.31409	1921.94165	1846.04602	1775.22681	1766.80847	1744.92102	1758.36047	1762.58716	1677.76379	1694.172
428	205049.891	176722.422	82370.2109	21769.8789	11846.4189	8584.39941	4780.29199	2959.85254	2338.93359	1983.26758	2014.92932	1952.11316	1900.50586	1928.80762	1817.79712	1774.80103	1704.92163	1784.9209	1787.57483	1784.06824
429	204310.297	176978.141	82092.2813	21483.7578	12091.1279	8752.34082	4678.70068	3046.37671	2441.19312	2179.66187	2041.55408	1956.05823	2027.40076	1954.60767	1799.13232	1901.96912	1877.52271	1764.22107	1800.70032	1674.8125
430	205247.906	180452.922	84041.8047	21583.1445	12125.5264	8497.51172	4765.21924	3055.24146	2374.8877	2192.80322	2123.15137	2013.17273	1936.68237	1954.00916	1831.19824	1850.84607	1823.9303	1908.70618	1792.78333	1700.27258
431	208081.406	181146.609	84441.9063	22046.793	11935.501	8479.62207	4912.59326	3122.44214	2455.28857	2178.37183	2061.73438	2135.37671	1995.4093	1893.65662	1885.49316	1835.99683	1872.32983	1852.22546	1815.31335	1831.92139
432	208278.453	181696.172	84178.6094	22015.3477	12143.4805	8675.7832	4871.83545	3070.77002	2476.7146	2214.23804	2159.0459	2028.22266	2078.15479	1941.58301	1965.74597	1856.10559	1778.20435	1829.70752	1772.49634	1874.3313
433	210105.813	185174.016	86566.7344	21828.8984	12124.8115	8587.78516	4884.45361	3107.60791	2490.66626	2266.95068	2013.22437	2013.23486	1937.39575	1846.55835	1867.15845	1803.01746	1913.06506	1746.33569	1819.11169	1784.83423
434	214907.797	186703.141	87686.4141	22444.9023	12218.2656	8605.91113	4901.68701	3097.43726	2424.09595	2235.2312	2037.5155	2058.27344	2016.25122	1954.82397	1874.03967	1925.30859	1885.83289	1839.40698	1755.30981	1774.46851
435	215176.672	188466.219	88078.6797	22488.9512	12420.0439	8947.87207	5003.90527	3121.14673	2388.34814	2128.15161	2185.77881	1964.32642	1903.92114	1873.07104	1876.2207	1846.96704	1866.87854	1783.59949	1686.62769	1782.51978
436	217361.594	194180.328	90756.2109	22581.002	12521.1904	8973.68066	5087.68311	3143.35742	2439.11401	2228.8894	2084.54956	1977.59705	1950.33496	1834.89185	1856.63086	1836.38892	1797.78784	1713.97705	1786.61353	1814.45093
437	222412.531	195915.703	92313.0859	23136.7773	12538.666	9164.71191	4963.16211	3061.43311	2539.27173	2155.92944	2103.53418	1953.85938	1978.11414	1942.50903	1843.40662	1849.79834	1850.46594	1797.66345	1746.61377	1740.05615
438	225038.313	197548.609	93129	23425.8145	12851.1992	9252.65137	5071.4043	3149.63818	2500.8562	2219.26025	2060.28491	1998.94971	1992.6001	1950.26477	1837.94214	1765.1449	1719.59558	1783.87512	1776.96484	1817.77783
439	228512.375	204795.859	95681.875	23716.8926	13380.2568	9435.27832	5232.84082	3193.49146	2484.72437	2126.77271	2129.8645	1953.25598	1906.0022	1934.08057	1841.55786	1782.34155	1876.26636	1734.59607	1792.3158	1717.98621
440	234293.406	207555.828	98226.7969	24819.8574	13423.1709	9737.18555	5240.45654	3189.93628	2508.37744	2130.86206	2068.45679	2071.09326	1883.14612	1872.20996	1794.21838	1719.25549	1743.33362	1667.36426	1763.39417	1715.31433
441	238084.266	209848.609	99359.4141	24748.5957	13870.2227	10001.584	5455.44434	3392.60864	2566.7085	2236.896	2076.5354	1963.80579	1952.6532	1828.12219	1773.76147	1798.16833	1773.88538	1808.12854	1752.46094	1755.43726
442	242087.813	219438.859	102294.68	24961.2695	13971.3174	10174.6816	5489.87842	3301.61304	2515.08691	2168.01245	2071.30713	2042.4353	1928.51917	1788.59766	1806.52185	1868.9259	1791.02893	1733.45129	1666.20935	1692.7627
443	249320.922	221147.25	105269.102	26008.9297	14140.6543	10293.7891	5565.396	3418.89111	2521.81665	2131.75293	2186.69727	1988.79858	1955.93848	1850.25952	1829.4928	1785.54248	1718.24829	1738.25305	1701.64856	1687.72546
444	254919.703	225662.938	106965.375	26508.8027	15479.7383	11085.7695	5803.16113	3367.42456	2551.97632	2233.20801	2103.9231	2031.55542	1888.29407	1847.12793	1807.53931	1803.71228	1803.61707	1715.53271	1717.72668	1660.52014
445	258497.844	234404.859	109330.727	27321.8848	15809.6064	10974.209	5897.86865	3451.82129	2591.51147	2283.05151	2010.6001	1992.66992	1900.43054	1815.16577	1850.72534	1805.95923	1730.0426	1717.05957	1719.33691	1669.07544
446	268562.344	240010.031	112766.141	28078.9277	16332.1709	11752.7861	5980.54541	3538.00635	2661.22656	2214.44922	2027.11719	1970.14844	1872.35791	1874.7428	1834.77991	1733.50269	1690.74731	1689.41638	1705.97388	1630.78198
447	274113.5	244196.234	115280.453	28903.6113	17009.2559	12354.1553	6433.32617	3572.68604	2551.01343	2324.79175	2052.70459	2011.18909	1840.86157	1813.09912	1734.68689	1727.04138	1670.49719	1679.27844	1657.38452	1741.78735
448	279600.281	254454.922	118510.383	29867.8535	17787.4961	12732.1162	6556.61133	3740.51514	2587.79346	2212.22559	2141.15454	1952.30322	1863.95032	1771.30469	1816.07935	1705.7384	1712.75354	1642.68579	1687.46008	1631.90442
449	291666.438	261826.469	122394.156	30900.3906	18449.2813	13229.002	6858.23877	3802.5957	2682.04297	2218.09888	2129.64575	1921.54688	1899.70337	1797.70642	1680.07275	1776.5686	1690.28333	1668.64648	1505.80554	1590.72363
450	299338.969	265757.344	124791.117	31997.1895	19644.0078	14095.584	7132.91211	3963.12158	2688.49365	2314.94336	1982.0874	1935.30432	1719.52844	1685.84875	1759.96765	1784.32288	1610.98792	1704.01758	1675.09753	1562.04663
451	305014.031	276745.844	128293.844	32866.2031	20965.6406	14920.6543	7188.6377	4006.17578	2825.76904	2162.56348	2104.24731	1944.50549	1831.21802	1787.98682	1760.94641	1600.85608	1690.36218	1586.16821	1591.51245	1600.54309
452	318852.75	285781.094	132438.031	34778.875	21644.4551	15348.4385	7614.28906	4190.09668	2746.58398	2329.79834	2074.68188	1874.45569	1813.35803	1792.1123	1676.2345	1731.49731	1618.88806	1608.25403	1574.12561	1627.76929
453	327686.406	290429.938	135367.031	35714.793	23023.6367	16737.1328	8157.77881	4232.22461	2864.56494	2376.69067	2146.0918	1875.12793	1915.29785	1756.38062	1781.04956	1675.82617	1578.05896	1524.35486	1613.05823	1482.79395
454	335883.125	303370.844	138167.75	37164.1094	24517.6934	17286.4297	8420.52734	4412.94824	2979.99316	2342.29028	2018.646	1884.66943	1815.38196	1644.26294	1672.37854	1636.70166	1548.83862	1567.87183	1562.85706	1494.01624
455	349905.719	312953.313	143820.953	39264.4063	25677.1367	17980.1777	8671.82227	4542.05811	2911.88086	2357.17896	2118.77686	1910.76758	1841.16455	1728.61414	1685.75305	1588.48621	1577.03418	1542.85461	1483.75745	1467.33508
456	359955.625	318449.719	146263.766	40107.6172	27476.0215	19278.7461	9168.20801	4814.75488	3009.96851	2354.40527	2113.27783	1976.16418	1718.07837	1726.31665	1632.64893	1651.30103	1577.15491	1505.16992	1523.58923	1514.56323
457	368709.969	332732.313	150154.891	41546.168	29206.7617	20534.8438	9722.87109	4788.66699	3159.80249	2422.01782	2059.82813	2050.14526	1853.22571	1777.72705	1697.60547	1625.48267	1615.67566	1529.05029	1462.42737	1534.38757
458	386704.125	343050.344	155618.203	44226.3203	30833.3027	21296.3105	10185.9746	5035.28955	3174.54517	2383.2207	2181.00269	1916.0769	1892.09167	1697.60071	1572.90344	1566.88574	1467.68982	1521.48572	1469.23584	1433.80261
459	396886.281	351159.25	158757.406	46764.4648	32832.3242	23097.4863	10761.9414	5269.31445	3304.90015	2521.771	2103.27856	1954.87305	1815.7749	1740.87805	1640.02869	1573.38672	1593.62695	1567.1228	1542.17322	1475.32031
460	410415.563	364341.406	163242.875	48218.9961	35307.7969	24366.5703	11144.7627	5336.71338	3362.62891	2572.16211	2219.91284	1937.34326	1829.18311	1762.03088	1627.6167	1534.81799	1575.74658	1539.80774	1562.81006	1458.55969
461	429219	375036.656	170216.656	51423.2266	37408.2695	25912.9023	11647.0049	5644.84521	3495.05518	2651.27271	2181.73389	1984.63843	1908.6853	1677.20825	1698.70667	1644.72693	1567.08411	1496.89917	1504.61707	1478.08057
462	443738.844	385510.344	173817.938	53546	40084.9883	27902.0645	12421.9961	5814.37207	3495.11914	2593.50293	2225.12988	1884.39978	1823.63928	1836.07324	1618.44629	1695.23267	1554.49731	1505.58105	1475.86719	1533.42798
463	453496	399736.625	177009.969	55332.9336	42839.4688	29575.4102	13241.9922	6196.21973	3787.05469	2727.1748	2299.89478	2084.08984	1886.57959	1708.99707	1588.07349	1593.33936	1582.52551	1540.98584	1470.78027	1499.3324
464	475999.469	417479.906	184840.984	59949.0703	45383.3945	30721.8555	13691.9473	6317.19092	3823.81006	2684.00928	2254.25146	2052.92407	1896.6366	1827.05469	1660.93372	1634.52771	1637.38062	1573.73621	1395.54517	1453.01477
465	490992.563	421872.906	188713.297	63287.8828	48951.4063	33802.0078	14826.334	6647.00684	3779.87476	2818.29492	2328.88062	2064.93335	1907.25867	1892.70007	1753.9895	1643.67542	1539.68689	1622.45007	1564.84851	1494.70117
466	505515.219	439564.813	192798.953	65636.2109	52439.8359	35818.3555	15674.6514	7062.50586	4116.33691	3006.33765	2407.01489	2034.34973	1918.03125	1860.84058	1687.06787	1683.61841	1655.48877	1520.74805	1530.57153	1480.27124
467	527618.188	455246.594	200690.484	69875.2969	55600.1172	37533.3828	16143.1211	7344.00049	4155.35693	3003.47314	2555.08228	2202.77832	2017.65845	1925.92358	1786.65332	1703.87378	1653.59595	1546.03284	1489.06934	1500.75964
468	546434.25	467743.344	204575.922	73893.875	59681.5078	40819.8242	17204.4473	7814.9126	4439.35156	3084.84521	2612.68408	2198.47852	2025.45618	1961.52185	1817.75586	1734.85095	1648.44348	1582.09985	1490.1311	1623.17566
469	560032.563	482405.938	210046.641	77163.7813	64067.1016	43300.0391	18101.7637	8151.2959	4836.93213	3164.03589	2486.03931	2323.8894	1956.27185	1892.57446	1821.17676	1734.40674	1657.92078	1691.32434	1665.94336	1574.33057
470	587042.563	503680.25	218521.563	81422.7422	67970	45621.7305	19313.2656	8566.99414	4694.65137	3272.69116	2671.79297	2260.98975	2027.38147	1959.66626	1791.40955	1836.78931	1705.06531	1614.87415	1580.99463	1548.47876
471	613462.875	514189.156	223463.375	86865.6016	72691.6719	49014.4531	20212.873	8835.21777	4901.78613	3305.17358	2661.66821	2275.32666	2113.06274	1902.52209	1815.27307	1765.00867	1686.05664	1668.3429	1545.02332	1531.37231
472	624272.688	530232.625	228034.641	90335.2188	78048.1094	52474.8047	21720.5605	9551.78418	5209.11523	3521.64697	2760.09277	2324.75488	2021.02783	1890.63538	1819.47644	1755.02527	1705.10352	1711.09595	1550.02173	1610.12427
473	650405.063	550796.938	238409.641	96264.6797	82744.75	54921.625	22586.0742	9637.97461	5007.12109	3429.41724	2796.73438	2260.00269	2111.60107	1904.41418	1811.13513	1720.59778	1623.06641	1570.55713	1570.01355	1558.7074
474	675127.563	562971	243413.422	101865.891	88093.9453	59072.5898	23753.6934	10138.2969	5585.40381	3492.72827	2682.53003	2314.59448	2153.10474	1984.30261	1758.77026	1670.00598	1602.08276	1605.68518	1466.62817	1552.27051
475	691841.938	582529.688	249784.297	107108.555	95361.8438	62924.8047	25211.8711	10442.0605	5404.43408	3591.61206	2794.69067	2370.22363	2017.57678	1955.48132	1782.92102	1612.98962	1533.31506	1497.8606	1488.62427	1411.31824
476	720991.25	603670.813	260475.594	113615.227	99793.6875	65626.4219	26363.6934	10792.3203	5590.63135	3672.16626	2803.58521	2372.24756	2036.66931	1796.87439	1669.75671	1672.12085	1463.37378	1444.85132	1447.13745	1372.43811
477	750629.563	619827.75	265419.625	120107.578	106464.43	69619.8281	27277.0313	11437.1777	5916.66895	3645.1123	2802.97583	2341.37427	2044.32629	1837.61768	1657.49536	1591.96985	1473.15833	1397.62964	1388.04382	1364.87976
478	770135.5	635517.5	271712.188	125632.078	114845.797	74412.75	29216.5879	11681.0293	6133.29639	3848.23022	2797.25537	2265.74951	1992.58301	1769.52014	1768.63049	1513.56726	1443.9137	1368.46606	1403.96924	1282.4895
479	799562.125	661978.813	282490.563	133762.891	120549.773	78061.9844	30766.6348	12340.5625	6302.13281	3765.80933	2867.02295	2324.63379	2097.31519	1713.79907	1644.19714	1552.20447	1440.51404	1368.34216	1333.10522	1258.51428
480	829730.25	674460.188	289664.438	142162.266	128638.063	82784.5547	32148.8516	13053.6914	6421.14453	3842.94604	2901.96484	2295.22705	2000.00171	1823.36877	1603.61963	1493.48242	1505.42224	1393.14722	1318.41895	1242.2439
481	845467.75	693584.063	295834.531	147783.938	137999.844	88929.3672	34166.9648	13427.4775	6776.22217	4157.34717	2909.53467	2356.14307	1981.38794	1756.50903	1595.33484	1530.12622	1372.41968	1300.12476	1337.02393	1245.55615
482	878433.063	723174.125	309025.188	157024.859	145704.609	93051.5	35563.5195	13825.3135	7282.6709	4126.00439	2969.6897	2346.22778	1854.97607	1819.44458	1538.96069	1355.65515	1387.49329	1247.6665	1271.97729	1168.33533
483	912968.938	737017.25	317264.094	167268.844	153708.297	98402.6406	37548.1641	14598.0195	7153.64795	4097.45508	3086.54785	2386.21851	2048.7417	1780.20642	1697.96387	1531.91321	1371.78113	1310.00195	1251.64868	1191.70166
484	930961.188	754520.125	323401.313	173835.75	164253.844	105068.734	39756.4453	15564.5391	7544.31738	4500.33984	3143.79175	2364.03052	2010.94788	1751.63037	1584.37439	1471.58447	1385.1521	1315.53967	1223.8009	1222.71228
485	959313.563	788262.125	336411.969	182414.25	173193.688	109299.805	41410.5742	15927.2559	7857.30762	4455.2627	3273.0481	2663.93604	2098.98267	1702.91565	1578.62683	1449.81433	1321.4762	1329.45203	1188.43286	1202.01843
486	1002053.44	801969.938	344791.031	196071	182699.219	115927.492	43323.0391	16912.541	7967.79053	4705.39502	3267.95435	2366.94653	2200.00269	1826.62439	1604.32458	1419.65967	1321.25647	1246.75647	1160.33521	1159.27954
487	1021761.75	819261.25	350840.813	203686.016	194890.766	123086.539	45929.4336	17465.8145	8590.13965	4706.16797	3333.82617	2514.75879	2104.35303	1776.72498	1644.10608	1402.03601	1254.20374	1264.24292	1244.92212	1104.18079
488	1054126	853934.813	364606.781	214423.063	204923.281	129008.109	47860.1367	18184.748	8558.21484	4901.39893	3521.58521	2557.46021	2047.37036	1750.44849	1643.07153	1365.89783	1317.30322	1236.63757	1147.5791	1157.17419
489	1094491.13	870082.625	375988.438	227320.609	216088.516	134326.875	49957.6523	19196.1895	8830.02637	5071.04688	3610.43701	2577.55298	2137.73779	1783.33911	1642.33325	1430.69592	1380.92261	1261.24536	1111.18176	1106.95398
490	1118444.5	886957.25	382060.438	236561.469	230608.625	143891.484	53043.0273	20093.6172	9420.39258	5113.59863	3652.44653	2644.50562	2130.78003	1823.38318	1596.52979	1448.42236	1326.29346	1200.52185	1178.01575	1165.74329
491	1143897.38	922795.688	397048.844	250279.219	241032.938	150303.75	55360.0742	20709.2676	9754.43457	5476.70605	3628.62744	2650.31128	2207.67188	1855.43481	1579.65344	1495.02222	1395.25574	1214.1571	1143.96655	1136.60413
492	1189112.75	937430.75	409592.344	265297.75	252815.016	156593.234	57460.0547	22013.1035	10002.29	5547.36914	3740.64478	2870.2627	2191.78638	1834.12744	1623.86328	1504.38708	1291.74951	1213.08447	1055.48328	1061.73218
493	1212913	952059.875	416185.781	275260.156	270357.5	167812.031	61151.8047	22659.2168	10819.3613	5838.51367	3718.47852	2883.15405	2124.18384	1871.39587	1549.06531	1369.05566	1361.17029	1214.37329	1147.19177	1155.55432
494	1238123.25	993554.188	430885.75	289252.469	282463.344	173788.844	63101.8477	23750.3848	10872.9082	5972.8833	3831.03711	2972.0498	2272.94995	1890.90125	1655.88831	1480.88391	1304.21948	1146.13892	1207.3186	1063.80408
495	1287100.5	1007752.75	445459.375	307219.719	294785.25	181366.219	66087.7188	24569.2422	11120.7266	6208.01172	3903.09766	2925.40088	2318.25024	1884.01758	1599.83118	1463.51611	1242.38806	1195.98938	1128.64063	1116.15051
496	1311170.5	1022677.69	451830.063	318861.469	314694.969	192285.188	69786.1016	25712.7168	11645.3311	6180.80127	3983.19849	3063.35767	2248.35352	1947.39929	1678.64844	1417.854	1288.98938	1195.5177	1149.72314	1097.75903
497	1337328.88	1062415.38	466312.938	332824.5	326523.531	199258.656	72202.8125	26221.8379	12000.7324	6514.90674	4225.0791	3046.56152	2299.37964	1971.94617	1678.3031	1431.67688	1385.18213	1343.03882	1209.47742	1065.87524
498	1388791.13	1079839	484799.156	353183	340427.25	207576.328	75270.5625	27800.2305	12316.8643	6689.49316	4200.04053	3067.05054	2434.97632	2010.10535	1719.87207	1436.28064	1248.55383	1169.1825	1077.86145	1072.67993
499	1406948.88	1095467.75	490806.688	365861.906	361978.688	219374.156	79093.75	29220.1133	13008.9639	6902.21631	4465.78076	3053.30469	2436.30566	1937.42651	1642.79175	1536.75745	1257.00977	1214.98767	1118.73364	1080.18823
500	1432032.88	1133837.25	507493.656	381603.125	377096.781	227812.859	81610.7422	29543.7441	13544.1123	7113.10156	4665.31494	3225.41455	2577.4375	2001.32153	1612.72974	1432.58923	1387.44971	1242.66541	1130.9519	1014.59888
501	1484385.88	1151241.63	526595.438	405169.25	391335.906	236358.797	83975.6719	30689.3711	13687.1934	7232.13428	4647.70654	3427.99536	2611.29004	2062.0896	1677.15942	1527.19263	1345.71082	1276.87122	1072.56665	1051.16956
502	1502401	1167919.25	533746.375	417345.563	416738.531	250025.516	89331.125	32590.7734	14338.874	7399.0752	4683.61963	3461.52832	2653.0647	2096.82788	1619.42847	1552.09204	1380.58594	1165.41321	1104.36084	1052.70972
503	1525185.25	1204020.88	551474.25	434746.5	429934.125	259312.578	91371.9609	33548.207	14696.2637	7828.26758	4892.59766	3511.89355	2646.75366	2070.76953	1755.98267	1531.34033	1381.39697	1231.2804	1077.62695	1020.6925
504	1576926.88	1218838.75	569394.188	460504	446668.531	267729.688	94758.7734	34865.4414	15525.375	7940.01514	5155.10938	3497.8125	2660.41504	2132.10254	1710.64697	1531.18286	1337.86108	1179.28552	1073.5072	1027.95752
505	1597303.5	1231388.25	577122.625	476154.125	470420.281	281831.719	100390.367	36136.1133	16104.5459	8400.47656	5298.12207	3599.19165	2678.11938	2009.42603	1878.42505	1575.36938	1267.83911	1197.75281	1125.0332	1041.49634
506	1612762.38	1274875.38	592348.063	493153.938	489577.438	292792.313	102743.898	37340.25	16630.4512	8782.24023	5287.65771	3772.56714	2724.24927	2215.23364	1771.69336	1488.43335	1355.81799	1103.97217	1065.15259	1035.46472
507	1666546.75	1291260.13	615489.875	520713.469	505660.875	302355.906	106744.25	38715.9414	16704.7656	8672.11719	5367.49951	3836.19873	2758.20435	2245.29712	1730.44763	1560.27124	1337.45776	1209.46851	1073.59033	1019.1123
508	1686185.13	1301200.25	622735.813	535908.875	531415.938	318596.375	110976.672	40024.5898	17580.5508	9420.80078	5542.30859	3746.71558	2695.08716	2109.29736	1800.82227	1534.89063	1366.44019	1208.9552	1008.88635	974.181458
509	1695423.25	1337993.5	643424.688	553985.313	551626.438	329115.781	114723.953	41262.1328	18225.834	9344.46191	5754.96191	3909.1853	2992.12158	2311.90552	1750.59705	1581.22253	1399.9458	1168.27979	1048.11072	1018.46893
510	1748394.75	1356631.38	662691.813	586712.938	569300.125	337196.688	117473.586	42725.6992	18551.8359	9769.00195	5994.11621	3996.18481	2945.25854	2370.10132	1784.4115	1633.52954	1321.76428	1122.56738	1112.2677	1020.14764
511	1766857.38	1365877	671996.375	602273.75	600489.625	353520.625	123777.57	44551.875	18805.332	10023.7832	5979.98047	4036.71436	3075.51563	2358.73291	1955.40918	1539.88745	1379.64929	1173.39783	1121.93225	1028.29626
512	1780085.5	1401782	691607.5	620388.938	620270.688	363807.125	126954.773	44912.7852	19641.9648	9930.49023	6151.63086	4079.70142	3032.27612	2303.91016	1835.08301	1620.01624	1330.84302	1218.26086	1032.0592	963.54541
513	1826440.63	1419914	714279.063	657311.375	637691.75	376485.781	130577.758	47105.207	20082.7051	10498.2891	6408.77832	4372.60547	3275.78516	2433.65015	1955.58838	1643.60559	1423.34363	1176.21765	1097.77466	1118.10144
514	1840752.63	1422046.63	726130.313	676871.625	669409.188	394772.094	136162.047	49059.6836	20809.1133	10685.9121	6577.54395	4233.05713	3105.36597	2446.88672	1984.89746	1696.63879	1388.46985	1131.74451	1101.76282	999.352966
515	1845001.63	1456194.25	739847.125	695077.25	692068.188	406221.938	141296.734	50354.4297	21903.1953	11205.7744	6847.01953	4463.48633	3300.48901	2562.20215	1972.94788	1449.23511	1432.43542	1339.9292	1106.41565	933.027588
516	1888232.25	1478464	767366.25	727093	705888.938	413185.656	143584.203	51374.3008	21971.8613	11240.5713	6822.71631	4698.34717	3485.86133	2428.32959	1945.62988	1763.71362	1414.40784	1175.34131	1108.54419	973.854187
517	1903501.88	1475433.75	778706.5	751116.313	740768.688	436425.125	150859.734	54126.0742	22625.0664	11998.4736	7122.15088	4599.03467	3350.12915	2628.32544	2020.61914	1577.24438	1315.16675	1232.57813	1035.40918	963.242981
518	1902897	1512011.75	795379.063	764525.75	763685.125	446996.25	154234.125	55425.4805	24396.6094	12354.0859	7506.24414	4793.1543	3633.58691	2711.70801	1983.77686	1670.48865	1426.92395	1215.91882	1054.84302	932.257202
519	1944922.63	1526304	825966.188	803666	779828.563	456792.094	156668.922	56134.2969	24402.0195	12399.8379	7606.14209	5115.23535	3657.11133	2657.40601	1932.6123	1643.1272	1471.04663	1240.91687	1036.51013	1068.88599
520	1961006.63	1528681.75	833355.75	824308.313	815950.438	477424.688	163471.234	58794.6875	25015.0547	12415.7832	7697.18701	4942.79199	3444.81641	2721.69556	2101.19556	1687.49646	1367.61658	1259.32373	1109.3158	945.998657
521	1952493	1552387.25	848548.063	844567.563	840357.688	490532.406	170344.688	59392.543	26259.0918	12939.7363	7713.8877	5179.60986	3767.17554	2723.59839	1977.34766	1687.56873	1371.13208	1328.32788	977.526001	966.051514
522	1988391.38	1569648.38	877553.313	880764.188	853888.75	499491.563	171788.328	61047.4375	26197.2266	13211.2549	8147.96582	5282.8623	3891.15527	2640.86157	2206.08643	1684.22656	1469.71375	1231.1748	1076.96057	998.803955
523	1995422.5	1564970.63	888714	907624.563	891469.5	520182.969	178927.25	63759.7539	26950.6563	13365.3994	8298.71973	5431.55029	3742.44727	2775.60449	2160.68335	1739.89185	1438.30872	1248.95898	1083.00879	1027.84387
524	1993703.25	1586298.25	904117.188	922349.75	920100.125	532702.063	184459.469	64953.9844	28381.6582	14113.4414	8652.37695	5587.18652	3827.16235	2862.82764	2198.40454	1598.92664	1467.52771	1210.63635	1086.87878	942.996399
525	2020815.13	1606562.88	933524.125	964137.563	936986.125	540498.313	187235.25	66477.7031	28564.9961	14377.3789	8560.04297	5629.53027	4135.44971	2979.25806	2076.96582	1737.88818	1526.20935	1297.44324	1129.87805	982.20929
526	2031501.25	1598125	950383	988334.188	972546.563	565466.25	193246.484	68868.0859	29719.6309	14646.8359	8907.18262	5814.7998	4192.01709	2957.9209	2240.43213	1851.2168	1510.14832	1214.10254	1049.2832	991.836853
527	2014082.38	1624941	959631.375	1007699.56	1002447.69	578680.313	198893.688	70034.4063	30456.8477	15613.2471	9256.78906	5981.85156	4064.31616	3000.73877	2322.98926	1827.84729	1489.62207	1248.75562	1019.80096	921.485229
528	2033759.75	1637463.75	996165.375	1048990.25	1019589.25	588897.063	203293.953	71778	30578.416	15231.8027	9673.55273	6148.65479	4309.38867	3045.88403	2259.42065	1774.35474	1345.58447	1105.63916	1080.53223	967.546631
529	2049442.63	1631433.13	1008466.88	1076152.63	1052192.63	611486.813	210046.031	74641.2266	31862.6895	16138.3945	9406.61914	6371.35693	4178.89209	3019.84082	2286.65405	1851.01221	1540.98169	1261.12488	1140.98596	969.51355
530	2030566.88	1643181.38	1020489.94	1088326.38	1084635	627202	215446.391	76012.8203	33476.9219	16480.3945	9588.91211	6347.95801	4544.77002	2964.35596	2305.90088	1718.88013	1392.93518	1276.09021	1063.39185	923.807739
531	2043517.63	1662735.13	1056113.75	1135876.25	1097207.63	635850.125	217358.547	77118.6563	33450.168	16699.5566	10302.1875	6781.78955	4513.23926	3230.37891	2296.17407	1875.77234	1548.18774	1210.49097	1049.81934	909.867188
532	2053125.25	1650162.5	1067297	1165443.63	1136991.63	658321.25	224668.484	80606.4688	33609.2578	17257.709	10248.0615	6758.8208	4568.92236	3259.30811	2407.29126	1811.13025	1551.97522	1326.85156	1022.2959	917.757568
533	2023357.25	1660078.25	1077697.38	1181497.13	1167609.13	676196.75	231973.203	81648.8125	35081.9414	17869.332	10618.3887	6727.12695	4784.95264	3278.17432	2320.21411	1879.1875	1452.57324	1242.85254	1046.68701	920.957764
534	2035404.38	1682882.25	1115453.63	1220492.13	1180215	683481.375	233286.156	83478.7578	36166.7344	18101.6367	10865.709	6837.0791	4840.68018	3274.10571	2425.03174	1959.11707	1498.47546	1366.32153	1044.41858	942.083679
535	2047323.13	1659257.38	1121182.38	1252031.38	1216618.75	704201.375	239388.781	86377.7813	36592.6758	18162.0996	10860.8018	7176.05713	4904.25293	3473.55566	2533.28003	1956.67114	1426.77332	1334.43445	1086.0719	945.095764
536	2018323.25	1667662.63	1135577.25	1266331.63	1253924.5	725066	248896.219	87606.6016	37975.6719	18806.8008	11394.9248	7274.56396	4822.31299	3418.8418	2447.12622	1956.32373	1562.73145	1271.77185	988.4104	843.320374
537	2017262.75	1688202.63	1173991.88	1309080.88	1270733.5	731250.25	250851.797	88970.0469	38614.1289	19102.7109	11562.5566	7107.93311	4901.34131	3495.95386	2481.8125	2005.87366	1557.23584	1347.15381	1116.36609	974.078796
538	2024793.5	1667851.75	1185045	1342709.13	1299819.13	751647.188	254627.578	92141.0234	38429.2734	19674.9258	11673.5137	7530.38379	5155.30176	3446.17993	2681.26514	2053.70972	1663.72217	1210.95337	1217.02905	935.340698
539	1987935.88	1661249.75	1196239	1362448.25	1337698.5	771726.75	263424.656	93686.1328	40665.1133	20293.293	12035.8574	7588.35303	5302.93262	3507.55273	2613.31104	1989.56458	1641.51208	1259.86877	1050.2085	966.161194
540	1987476.25	1683860.38	1231338	1396757	1354796	779784.625	268523.5	94525.8438	41510.9844	20282.8965	12393.1934	8025.06152	5178.90186	3580.22974	2476.0144	2164.93994	1556.65393	1462.31299	1071.7926	902.942017
541	1983787.25	1659437.88	1239176	1431622.5	1378794.63	797371.313	272844.844	98036.7578	41174.3633	21113.7813	12507.4922	7855.09131	5549.3999	3795.75269	2819.30566	2205.46704	1677.56921	1448.56897	1113.3136	1029.02295
542	1952234.88	1651161.88	1245222.5	1443901.38	1419636.75	819793.125	279335.656	99944.5938	43432.3008	21653.0664	12784.8955	8197.62891	5365.41895	3847.68872	2708.96533	2124.24756	1725.19739	1333.73157	1092.64819	894.302246
543	1927639.5	1672748.75	1285437.63	1477348.63	1435650.75	825685.063	282289.25	100230.555	43382.9648	22115.6523	13372.6846	8564.89063	5501.09033	3925.09033	2849.34302	2038.05249	1737.60657	1520.98279	1132.47083	929.5354
544	1937715.5	1648765.88	1298728.38	1519560.13	1462767.63	847751.75	286355.125	104167.172	44250.4219	22012.8984	13237.1689	8340.67969	5696.02881	3870.71436	2851.573	2170.36426	1618.65942	1387.58228	1079.83948	979.493408
545	1899371.5	1637526.63	1296224	1530055.63	1501621.38	865075.375	297057.719	105660.688	45612.2813	23161.7402	13956.6016	8528.19922	5548.7832	3909.10815	2888.25293	2213.79395	1664.87061	1323.36853	1127.43274	923.744141
546	1877049	1655561.63	1336048.88	1566452.13	1517650.13	868768.563	299255.344	105469.695	46534.5742	23375.5879	14112.3535	9197.40332	5829.09863	3933.98608	2767.12231	2136.25708	1632.78772	1478.58472	1099.24536	910.705261
547	1873625	1628408.38	1352706.63	1603158	1536843.75	883947.938	304244.094	110382.055	46740.0859	23947.0566	14645.6982	9294.91406	5819.90967	4224.30273	2909.65503	2164.2915	1677.07727	1349.42212	1040.62183	1043.5835
548	1834247.25	1614286.75	1350702.13	1616843.13	1586481.63	908941.875	312838.469	111650.086	48550.4961	24607.4082	14874.2158	9293.17969	6216.21436	4144.15869	3032.91919	2174.78369	1734.57385	1413.53198	1036.09314	952.355225
549	1809718.38	1627552.25	1385377.5	1645146.88	1594336.5	912049.75	315474.344	112044.547	49598.9336	25364.0996	14972.0332	9668.88184	6263.99658	4129.08643	2981.15063	2300.35498	1813.85242	1357.41077	1212.02417	936.270813
550	1807555.38	1607378.5	1402617.5	1689976	1619615.88	927576.75	316593.438	116215.445	49522.4453	25335.498	15169.1563	9491.94531	6364.30811	4368.32471	2998.18335	2463.11279	1674.83484	1515.80615	1130.42932	924.395142
551	1766631.13	1581641	1398845.5	1698500.88	1668808.5	953748	328058.438	117036.672	51400.6836	26011.1484	15604.3594	9976.0459	6477.84326	4458.51904	3251.85913	2274.7002	1645.46289	1377.06616	1001.05627	871.128235
552	1742793	1593600.25	1432657.88	1717390.63	1677369.13	959573.813	329957.156	118529.484	51979.0352	26775.7246	15652.7422	10432.1865	6290.78857	4335.7207	3146.92554	2402.89111	1726.54346	1466.79163	1015.35901	983.084473
553	1736259.13	1571469	1452168.63	1764798.13	1692503.88	973332.063	333095.344	121765.109	52059.7148	27555.207	16276.4785	10690.6953	7013.80029	4620.2085	3162.30688	2332.29614	1765.11719	1430.59583	1187.87378	979.254395
554	1689141.13	1548542.88	1456882.75	1764592.13	1748081.5	1002103.31	343834.656	123746.828	54170.9219	28053.3535	16797.0117	10571.6328	6762.78906	4639.89453	3261.9231	2352.71924	1725.91492	1414.11182	1052.46851	989.17981
555	1658049.88	1558398.88	1479244	1795783.75	1754409.63	1005532.38	349205.406	124473.82	54391.3828	28142.5527	17570.3398	10890.5469	7082.1416	4793.61621	3218.177	2451.52148	1811.37415	1384.88208	1162.34277	961.984009
556	1653801.75	1536495.63	1500954	1844257.13	1764531.63	1017149.19	347667.5	127862.906	54984.3984	28625.5137	17527.2598	10937.6865	7065.0542	4844.82764	3177.60645	2582.73022	1824.10461	1377.88611	1044.98206	943.216919
557	1610490.63	1511061.5	1495758.38	1854120.63	1814833.63	1046767.25	362699.25	130239.461	57877.6094	29634.5938	17636.5664	10861.873	7202.92432	4826.81445	3474.8064	2588.92896	1847.86157	1471.5509	1155.88782	921.509277
558	1579960.5	1525343.63	1525517.63	1872452.88	1822121.38	1045556.94	362222.063	129398.922	57459.3086	29974.0449	18206.6289	11540.6494	7095.75195	4908.70947	3365.79614	2530.15356	1936.28955	1533.55432	1079.80273	960.872803
559	1569265.13	1496026.25	1547251.88	1923097.13	1841354.63	1052274.88	367010.563	133413.875	57457.5547	29841.1406	18230.5918	12073.1553	7734.00635	4789.15771	3555.83789	2489.33838	1930.87415	1415.77637	1095.5509	969.778198
560	1533246.13	1473671	1543957.75	1933299.13	1888314.38	1086749.5	375126.281	135435.516	59407.0898	31397.5293	18613.6465	12141.8467	7676.43408	5046.0498	3372.37158	2483.92603	1827.33337	1417.26086	1242.29224	980.340332
561	1493569.63	1476625.63	1572520	1938053.75	1895226.5	1088342.75	377078.156	135523.328	61004.5352	31986.373	19451.0254	12211.4629	7669.25146	4945.00586	3456.6394	2578.12598	1845.42078	1561.39429	1187.08447	1004.07275
562	1476937.88	1457525.63	1593556.5	1995329.25	1905026.25	1090766.13	379358.313	138138.109	60289.9805	31975.3262	19580.2383	12163.0654	8367.4248	5254.09912	3774.53662	2632.6792	1996.26599	1584.52319	1164.87964	899.265015
563	1446596.88	1428744.63	1585726.25	2000659	1950381.63	1125742.25	389414.281	142369.344	62630.75	32712.3438	20123.3223	12537.6543	7994.04736	5165.46729	3728.56445	2750.05859	1995.10352	1670.42554	1150.78528	945.822266
564	1407007.75	1433471	1601655.63	2009161.63	1966395	1128715.75	390900.438	141284.141	63928.5391	33097.8906	20655.0254	13434.5947	8081.16211	5306.55957	3677.57764	2575.3645	2078.85156	1626.58069	1108.07776	930.516907
565	1392130.63	1411655	1630060.88	2063748.75	1970192	1131944	392353.688	144650.25	63631.3398	33555.2461	20986.4824	13116.5986	8479.48535	5437.63623	3855.50366	2647.2334	1918.50427	1503.48389	1209.00281	950.850159
566	1354553	1382868.38	1622760.5	2067805.5	2014932.25	1167475.75	404896.719	148191.094	66736.1094	34670.8164	20982.998	13165.6221	8598.63086	5363.14355	3661.01172	2674.70581	1875.69702	1726.02612	1329.32397	860.884399
567	1314590.88	1390056.63	1637421.13	2074947.25	2021499.63	1166803.25	407142.281	146636.781	66205.6719	35201.8672	21476.1973	13930.1543	8431.25977	5556.16504	3785.8269	2607.83887	1848.05505	1677.44604	1121.28296	1046.74182
568	1305291.88	1365023.63	1666664.13	2124358	2024586.63	1168877.63	403443.781	150840.469	66859.6563	34960.9844	22210.0254	14006.2754	8993.71582	5710.69141	4068.17261	2778.78223	2040.34033	1545.245	1119.63269	968.820374
569	1270633.38	1341422.88	1658811.5	2129949.5	2083682.25	1200384.63	416289.469	153620.875	68457.7969	36417.3945	22239.5645	14095.0283	8691.32715	5746.77295	3949.94556	2874.06689	1950.27576	1665.3075	1230.98621	983.851318
570	1228220.13	1334755.63	1675065.88	2132691	2082392.63	1199133.88	420266.656	153749.297	69434.9219	37488.0859	23075.9219	14298.2783	9048.12793	5884.24414	4078.6355	2855.58325	2045.64331	1637.27234	1233.44421	959.735107
571	1220567.88	1316314.63	1702356.88	2189889.5	2075163.25	1205189.38	419828.188	155135.125	69330.9609	37325.0859	23295.0547	14950.4248	9339.47363	5971.66797	3962.21362	3113.62842	2050.43457	1511.32544	1188.96667	907.562927
572	1185571.25	1287991.5	1691836.25	2186375	2129575.75	1232311.63	432138.125	158624.828	71471.3906	38643.0469	23660.4473	15011.9873	9346.17285	6134.74805	4382.65137	2970.39648	2125.11304	1583.53235	1191.16406	1091.94739
573	1145096.5	1289645.88	1696538	2196166.25	2137765.75	1234896.25	433730.531	157816.469	72343.4688	38149.5039	24042	15310.7842	9226.09277	5963.62744	4029.11133	3113.67725	2059.09912	1601.34155	1161.01563	960.941956
574	1137233.88	1273354.63	1730964.75	2239519.25	2130384.5	1234793.88	431197.906	159822.063	72623.2734	39352.8242	24721.5391	15662.8281	9816.08008	6250.36475	4079.11816	3028.04004	2177.24634	1565.7395	1258.5542	964.065857
575	1103009	1236084.38	1722150.88	2251211.5	2179560	1262726.38	442829.5	164732.188	73574.2266	40538.8008	24802.9512	15785.9219	9584.58984	6126.77441	4231.84424	3011.95825	2147.85278	1727.55249	1289.09973	951.790466
576	1067960.75	1238409.88	1726107.25	2237731	2184578.25	1266637.63	447960.375	162940.219	75553.3203	41256.9336	25397.4707	15988.1914	9970.70801	6267.12646	4200.6709	3123.41626	2083.97217	1707.60693	1259.00183	871.395813
577	1052082.5	1227934.13	1753354.25	2290708.75	2176484	1257645.13	446465.625	165727.484	74531.3047	41077.3867	25957.8086	16226.751	10060.6055	6303.62793	4532.73975	3145.07397	2310.90112	1704.6438	1292.76807	878.810669
578	1024025.25	1200775.63	1745837.75	2289926	2219655.25	1294197.25	455763.531	169934.859	76153.0547	42023.5742	26028.0137	16846.6914	10491.8906	6855.83154	4562.02686	3137.86719	2153.67749	1677.57324	1359.79175	915.63678
579	990893.563	1196231	1743984.75	2276495.5	2230835.25	1294951.63	458305.094	169647.188	78692.7422	43839.9453	27334.7422	16359.7705	10786.1855	6639.52539	4567.05518	3195.55273	2262.3374	1763.55615	1373.08936	930.771362
580	974990.938	1180507.75	1766261.25	2317573	2215333.5	1285574.13	456005.844	170355.797	78219.8828	42598.7422	27216.748	17185.5254	11104.0137	6636.73145	4405.86279	3249.75513	2339.38623	1841.7439	1358.53003	1002.64301
581	948202.813	1152713	1762248.63	2330786.75	2259223	1315873.13	462395.781	174823.281	79337.7422	44284.6641	28004.4395	17311.5352	10966.126	6845.49805	4530.57275	3336.2793	2237.96997	1625.46802	1225.19763	1096.25635
582	912851.75	1148358.25	1758855.75	2318583.75	2259307.25	1314650.88	470195.031	174721.578	81071.5625	43987.8398	28273.2891	17462.7363	11014.4756	6831.73438	4766.09033	3464.04761	2337.88184	1768.63123	1170.27625	985.198364
583	901009	1135914.5	1793491.63	2361188.5	2248542.75	1307622	465131.031	175106.688	80644.2031	45867.2617	28796.541	17747.875	10993.6885	7211.38818	4504.68164	3467.30713	2306.06396	1751.24573	1315.26147	1062.25623
584	878254.813	1109124.75	1780727	2362109.25	2298676	1337647.13	473738.969	180152.453	82137.4766	45220.7109	29011.3789	17721.4531	11605.4795	7034.38525	4832.59229	3185.55493	2246.83081	1744.41956	1359.25476	906.49176
585	845051.563	1097198.25	1782905.13	2346305.75	2296415.75	1337385.75	480079.969	178237.938	85049.7188	46813.8008	30180.4258	18046.5664	11502.1035	7295.78711	4760.37402	3405.5127	2338.75977	1884.15039	1256.84644	968.534058
586	832393.688	1090036	1805850.5	2380967.5	2274069	1333658.63	473279.75	179321.328	83877.1875	46877.3711	29989.0039	18823.8828	11645.3018	7560.29932	4915.93359	3587.19873	2410.78882	1806.75525	1277.8197	997.036499
587	810388.75	1065468.5	1795612.63	2383697.25	2305233.25	1354163	482087.813	183963.813	83963.4922	47818.125	30425.5723	19213.2617	12033.9336	7525.61182	4840.97119	3404.47046	2464.31006	1752.22437	1327.7511	1007.12848
588	786906.375	1058465.5	1782823.88	2362535.5	2317461	1353667.75	486280.156	182587.813	86536.8516	48096.9805	31330.0645	18861.1035	12389.9883	7561.34131	4756.39746	3383.01709	2405.41626	1821.94104	1337.20264	1049.35779
589	768015	1050568.38	1816385.88	2406795.75	2301047.25	1344009.13	480980.094	183240.375	86890.6328	49638.6172	32122.4824	20031.3223	12317.583	7525.31445	4957.54736	3589.30151	2302.37354	1738.63611	1273.71216	1007.58893
590	749832.375	1022013.38	1799605.5	2409593.5	2322176.25	1357693.63	490307.938	188038.25	86498.6484	49451.2148	31593.7656	20079.2949	12132.7451	8069.36865	5173.85352	3446.75366	2605.36182	1777.62366	1275.54163	1098.8949
591	722207.938	1012805.63	1789843.63	2376784	2338084.5	1371514.13	493436.844	187362.047	89959.7422	51197.9102	32851.4063	20258.8652	12156.6572	7854.09766	5384.98877	3561.04077	2461.05957	1736.83081	1309.58728	1068.88025
592	712871.25	1013740	1820863.75	2409911.75	2306686.5	1358331.38	491372.813	185850.922	90054.0313	51175.2461	32845.3633	20658.8691	13009.2451	8022.99316	5271.08301	3624.73975	2432.16113	1857.1969	1360.50854	1210.62695
593	694201	985261.625	1809428.5	2416538.25	2332974.75	1372103.63	493628.188	192446.938	89255.6406	52407.793	33509.3281	20927.1172	13146.3193	8320.29102	5120.53809	3642.7959	2478.92285	1916.03064	1306.51611	1001.99799
594	669387.75	981859.563	1786151.88	2388389.25	2341024.5	1379898.25	499714.813	191349.703	92925.4609	53541.2266	34542.7539	20766.8398	12993.4541	8096.60742	5364.42188	3636.87329	2584.25244	1975.84717	1347.65515	1050.01294
595	656491.563	974160.813	1823122.88	2413903.75	2324100	1366998.25	495079.625	191530.203	92091.5703	52550.457	34971.8164	21711.0176	13330.624	8004.06885	5357.40088	3882.83276	2713.41089	1808.72473	1386.57483	1013.5365
596	645108.875	951884.813	1805083.88	2428899.5	2343010	1385474.25	497549.344	195303.844	92522.3047	53420.3984	34113.5117	21365.7793	13621.1377	8510.74512	5453.90771	3727.86353	2403.69897	2003.74561	1358.7323	1139.81531
597	619794.938	942612.375	1792554.5	2399711.25	2353997.75	1391179.88	503661.813	194201.766	93358.875	54809.4414	36189.2188	22186.0996	13710.4316	8431.77637	5606.08447	3770.14331	2788.94458	2129.65796	1435.22693	986.039001
598	609932.5	940642.688	1811249.13	2416456.5	2327776.75	1367252.13	501774.188	191627.438	93661.1875	55267.5352	35801.3242	22477.1172	14053.8086	8359.42285	5534.70654	3895.89551	2902.88892	1947.77185	1362.83875	1142.57935
599	597486.75	920598.188	1799880.25	2422755	2327958	1383980.88	500705.313	198401.156	92530.8281	55326.9414	36343.3164	22549.5703	14317.665	9055.69434	5497.70361	3968.52588	2421.573	1785.25012	1317.10681	1068.56921
600	580453.063	909015.563	1787462.5	2399651.75	2346681	1397311.75	510526.344	196624.625	97537.3359	56693.8594	37509.875	22769.5215	14056.4785	8415.96777	5701.98828	3810.46021	2665.77393	1990.00586	1362.23523	1094.68274
601	569500.938	908364.25	1813642.5	2415168.25	2326809	1377021.13	504201.625	194729.516	96974.5078	56334.7305	37470.1641	23954.416	14659.2764	8802.30371	5579.49365	3842.93628	2752.85669	1874.27942	1273.02295	1117.33398
602	563194.5	887160.688	1791042.88	2416771.5	2319245	1388146.13	502127.313	199083.906	96902.8906	57202.5039	36992.7422	23816.4336	14768.7705	9328.75488	5631.38184	3869.44165	2808.96118	1962.05286	1357.07666	1118.40198
603	539885.313	874210.313	1774375.25	2387423.25	2344461	1393115.25	514820.781	199837.859	99496.7656	58369.1719	38280.3398	23328.1172	14433.4824	8923.54297	5872.26709	4038.07959	2726.12476	2156.65674	1461.85449	1002.96783
604	531633.875	877206.875	1804527.88	2400213.5	2318772	1382142.38	506408.719	197963.297	99061.4766	59317.2773	39313.2344	24598.7969	14677.9912	8881.49512	5754.43018	4083.80615	2708.06396	2100.18628	1346.36487	1179.02563
605	526242.625	861295.188	1793738.38	2412638.75	2315144.5	1383218.25	507486.25	203084.141	100260.664	58896.4375	39168.2617	24657.1973	15099.7813	8817.80957	6063.18994	3859.97729	2777.95947	2041.75488	1409.62659	1139.17664
606	508871.906	851349.25	1755417	2379630.5	2340071.5	1388153.13	519102.25	201303.813	100784.188	61126.7383	39272.1094	24889.2676	14754.7578	9404.79688	6054.49072	4276.38574	2612.78687	2132.07349	1539.42847	1132.6355
607	496243.219	850206.438	1785750.13	2381820.75	2301115	1380589	511179.75	200881.75	102414.172	61231.1328	40145.5195	25410.7305	15069.7705	9371.06641	5816.96924	3967.4314	2725.67505	2027.89734	1343.70227	1055.35071
608	494234.625	833475.438	1775048.88	2388332.5	2293151.75	1372731.63	508705.875	204752.703	99313	62598.2852	40272.4219	26227.1504	15416.9209	9484.00195	6240.65088	4213.15918	2693.88501	2043.55078	1417.69775	1115.18713
609	477027.313	819450.5	1746054.5	2357568.5	2311523.5	1388095.88	517256.469	204034.984	102564.234	63984.9648	41861.1328	25948.8945	15781.2881	9046.49316	6251.28223	4049.25049	2790.43042	2095.14917	1537.96509	1008.03247
610	471342.406	826255.375	1763185.38	2351483	2286779.75	1373285.5	513865.531	202877.266	104256.57	63890.5	42745.875	26635.166	15766.9717	10250.5771	6345.18604	4163.32813	2795.67944	2032.89136	1580.55811	1066.93787
611	465321.313	810906.375	1763192.88	2368891	2274130.25	1368599.63	506598.938	207690.953	103096.633	63453.25	42033.7617	26402.75	15707.7832	9738.45117	5924.49463	4101.26221	2758.25708	2070.69775	1344.22485	1037.76624
612	455842.531	793224.188	1730023.88	2343180.25	2299082.75	1382360.25	515384.656	205226.797	105044.242	63763.4375	42575.9375	27148.7266	15880.0791	9915.3877	6113.34277	4365.79199	2818.22656	2349.61108	1392.87622	1066.08948
613	448120.875	803819.563	1752345.25	2327635.75	2264629.5	1364324.5	511923.375	203558.438	106233.406	64641.7734	44154.5234	27382.3359	16082.9619	10329.9219	6057.37549	4230.26904	3174.33984	1955.27441	1288.36816	798.020264
614	441676.219	784860.125	1734425.5	2341059.75	2252431	1361130.13	508885.781	207037.5	104294.719	66394.1328	43959.1758	27573	16960.793	9954.40527	6138.65479	4323.69043	2988.8313	1946.33301	1355.31042	1109.71472
615	431600.719	775326.125	1710409.88	2311962	2274232.75	1377929.25	516543.406	207609.953	105698.211	68037.8516	44152.6563	27810.0059	17479.459	10509.5244	6250.30811	4507.4707	2954.60205	2158.85156	1342.60986	1267.64307
616	421044.406	781536.5	1718116.75	2291454.5	2245135.5	1361366.25	513449.313	206110.625	106799.969	68120.9375	45955.1445	28541.7773	17262.0605	10411.2861	6648.13818	4222.17139	3066.86328	2279.93262	1589.15283	1084.34912
617	420354.844	770054.688	1713761.63	2323850	2225681.5	1352116.88	510643.719	209441.484	106292.023	67659.3047	46384.9219	28472.9238	17694.8711	10162.8584	6875.13574	4229.49121	3294.80273	2139.43921	1363.3363	1196.75537
618	411628.625	753270.563	1680601.38	2281653.5	2246647.5	1367933.38	519063.656	209013.766	108563.656	69124.9297	45834.6328	28201.6563	17016.8613	10631.0645	6805.78418	4316.93896	2900.24829	2050.78979	1396.74646	1131.84131
619	404672.688	754093.063	1696853.88	2257651.25	2216842.25	1347213	512948.594	205550.438	107495.32	68832.7734	46447.2148	29278.0195	17576.7637	10590.6709	6250.13672	4305.4292	3018.76343	2161.37402	1295.79248	1257.37854
620	406197	744661.938	1690218.63	2284413.5	2202839	1341018.13	507062.438	210339.063	109862.82	67735.3984	46085.0547	30205.9551	18032.25	11097.6826	7191.2373	4392.46826	3293.61621	2185.71704	1585.05469	1138.76123
621	395540.25	735313.5	1668290.88	2244018.5	2227617.25	1362115.75	515421.125	208739.625	109117.359	71082.6719	47427.7188	28746.498	17677.6914	10914.6514	6707.70605	4216.51611	2941.44019	2165.95508	1507.05957	1148.0459
622	388437.063	742318.625	1671407.75	2231030.25	2190042.25	1338973.25	513290.375	207163.75	110740.75	69407.3281	48158.6719	31153.8965	18518.3457	10528.165	6458.36621	4311.04541	3032.61353	2448.56836	1524.51904	999.290771
623	388614.406	727200.25	1661279	2256446.5	2163925	1327280.13	505351.281	211215.938	109953.766	71652.5391	48609.5664	30431.5977	18207.541	10973.3389	7235.06689	4770.771	3114.82324	2214.45728	1686.78687	1173.97412
624	377785.688	717294.313	1637617.13	2205750	2181974.5	1335126.63	512359.25	211563.813	112367.773	73671.0938	48860.0547	30665.8516	18820.9707	11082.082	6317.19287	4595.53271	3106.89355	2093.46094	1418.02893	1231.57813
625	373189.25	720283.438	1625949.25	2172218.25	2159419.75	1321270.63	508190.438	207673.063	112831.227	73952.2813	49834.7891	30237.4258	18704.9727	11172.7705	6694.80615	4448.17822	3039.57446	2072.80591	1397.51172	1167.23523
626	373691.563	710746.25	1627330.63	2198272.25	2118043.5	1306152.25	504601.75	208027.016	111696.18	73656.4141	50063.4922	31974.5371	19352.4043	11352.7295	7287.14404	4752.85303	3035.10376	2206.05933	1691.0957	1018.81726
627	366915.625	699000.75	1603265.75	2170850.75	2148743.25	1321676.88	511725.719	209028.156	114471.227	75285.0313	49877.6406	31627.7207	19408.5957	11362.8262	7227.73438	4609.90674	3267.44971	2369.11719	1596.41931	1040.01477
628	361484.75	699051.125	1599813	2145938	2125554.75	1304227.25	506196.688	206779.531	115365.508	75820.8516	51939.0938	32237.0234	19141.0566	11259.9824	7212.83691	4493.16602	3515.61279	2159.4707	1450.75525	1031.14893
629	364942.344	696249.938	1615083.5	2165077.25	2082648.38	1284261.63	497395.656	210338.953	113645.125	75526.6484	51891.9922	32663.2148	19267.4258	11732.9971	6916.26611	4716.44385	2998.15942	2083.21509	1631.19421	1123.39001
630	354160.75	679624.313	1576952	2137834.75	2111051.75	1299730.25	502453.969	212048.813	115657.656	77771.8906	52200.3086	31960.8027	19251.1816	11374.542	6969.85938	4936.18848	3128.47778	2260.22681	1458.22888	1109.97095
631	349188	682395.625	1563664.75	2093085.25	2075916.25	1284255.88	502806.125	207968.125	116363.813	76001.6484	53060.543	33277.7852	19722	12011.5381	7075.28369	4449.82324	3264.34229	2015.62952	1420.03809	1069.71838
632	348044.875	675020.688	1563452.5	2109776.25	2037853.88	1264277.5	491049.781	209823.484	115335.086	77415.5234	52773.5117	34187.7148	20538.498	12079.583	7313.99316	4819.04248	2980.95044	2293.97534	1583.91931	1177.77832
633	346443.625	666920.563	1540646	2083340.88	2070768.75	1278748	498312	209905.125	115422.867	79659.9141	53198.3008	32958.8594	20122.9082	12181.5801	7336.76807	4482.46533	3216.18799	2095.22119	1615.87671	1142.52808
634	342126.813	667936	1531074.63	2045028.38	2033826.75	1262349.75	495607.031	207765.781	116937.516	80113.2734	54594.4023	33375.8906	19777.4316	12205.6895	7396.29346	4962.06934	3300.39526	2020.24414	1450.9873	1102.63281
635	337758.313	655233.063	1532511.13	2063339.88	1996769.63	1247398.88	488849.063	210198.156	113313.945	79478.2344	55364.0117	34966.1094	20824.5742	12127.0566	7018.65869	4636.84131	3161.44727	2386.64648	1506.07666	892.791077
636	334209.875	650879.063	1500448	2034616.88	2018488.25	1262190.88	491516.313	210724.25	117204.656	80515.2734	55238.2031	33668.5391	20805.9414	12115.0049	7522.09912	4878.03613	3304.23242	2255.61523	1590.40356	1049.5321
637	328750.875	655527.625	1493637.38	2007946.38	1983142.63	1241520.5	491864.375	208505.125	117027.602	80679.3203	55734.4023	35497.0742	20374.8203	12558.9453	7991.58154	4879.44434	3197.61963	2313.37549	1390.57922	1198.2843
638	330327.563	638184.375	1495762.75	2016853.38	1964842.88	1229888.13	483782.563	210061.047	115544.672	80075.1328	56088.5742	34480.9727	21059.291	12490.4004	7349.1709	4922.17725	3045.85669	2431.71655	1503.83228	1166.2843
639	327740.844	632441.938	1468619.25	1996733.5	1969831	1227400.5	485865.031	211535.875	114693.422	82541.5	57519.4023	34665.2656	21275.334	12941.5547	7683.29541	5203.97314	3042.69385	2429.02588	1662.55554	1243.36816
640	316484.844	632452.563	1453552.5	1956944.38	1948284.75	1226567.25	486393.938	208743.531	117735.461	82516.7031	57793.5547	35322.0273	20372.332	11989.7432	7724.70703	4644.52637	3173.85083	2498.64575	1665.39661	1120.05322
641	322980.406	625235.125	1459299.25	1969887.75	1913699.63	1202684.88	481110.281	206263.781	117371.859	83056.6328	60029.4063	36196.1602	21509.0684	11992.5361	8213.57422	4830.85547	3239.28345	2487.02466	1418.71924	1164.77209
642	317436.406	617043.063	1441343.13	1934527.63	1918925.38	1214539.75	484086.656	210380.344	118921.594	83403.0781	58033.7305	36529.2617	21354.4453	12712.6523	7549.51611	4847.30908	3295.1936	2321.4165	1565.88269	1092.24438
643	313051.688	614193.188	1412355.25	1891272.13	1891794.25	1194747.25	481133.094	203672.5	118355.359	83947.0156	61201.3555	35739.3047	21262.6133	11944.6572	8426.22266	4783.37207	3376.16675	2125.10181	1446.7666	1258.94409
644	314216.594	609277.688	1419328.25	1909518.13	1856183.5	1176676.63	473431.156	204056.672	118617.617	83213.6172	59760.7227	37440.9219	22176.9785	12712.5986	8061.10303	5015.07568	3344.927	2124.40259	1563.42871	1195.21033
645	312515.313	601160	1393274.13	1878965.63	1867386.13	1181011.75	472713.344	206324.203	117872.07	83614.6172	58361.3711	37070.7891	22419.2012	13048.1563	7775.35205	5223.91162	3569.4812	2138.39038	1500.04834	1137.34167
646	308703.969	602248.625	1373436.5	1844357.88	1844977.75	1173009.25	475613.906	208551.453	117784.609	87401.625	61072.2227	36548.3008	22361.834	13235.835	8328.03027	4864.40723	3116.94751	2233.01245	1570.21875	1148.79163
647	306309.406	597265.938	1380083.63	1845003.25	1810385.38	1153837.38	461534.125	203899.219	117460.781	84965.5703	61474.7617	38362.168	23414.1816	12666.5684	8134.01074	5430.4165	3480.8252	2155.66895	1450.19678	1200.68689
648	304918.156	580591.75	1361530.63	1822441.25	1809845.63	1150286.88	461151.031	207098.813	120118.664	86988.8906	62591.125	38510.0469	22192.7754	13473.3115	8401.5332	4912.8833	3519.13184	2265.93872	1604.24805	1370.29675
649	299967	583117.375	1329330.75	1783398	1799006	1146263.75	467651.938	201806.5	118900.414	88154.5859	61137.7148	38178.1367	21549.8906	12440.7559	7908.96484	5184.82861	3324.02686	2363.72559	1684.3916	1010.35413
650	303311.031	581118.688	1335134.5	1779454.75	1750019.13	1127075.63	458923.313	201639.219	119784.828	88411.9766	62519.6328	39380.1055	23442.8691	12730.7891	7973.93115	5409.78955	3331.01587	2214.41455	1411.45996	1142.4364
651	297154.219	573094.063	1310435.63	1775305.63	1758853	1130556.5	456810.75	205166.594	119658.656	85871.0469	62641.0313	39807.6367	22823.0117	13134.8809	8251.94336	4874.13623	3150.98853	2332.24902	1508.23438	1209.17517
652	291514.563	566055.125	1295185.25	1726468.13	1739125.63	1119811.75	462213.969	200360.188	121496.5	91347.4453	63579.0234	38563.8867	22738.3164	13285.9277	8437.29492	5612.30566	3548.86865	2515.49438	1378.86792	1186.83521
653	290265.719	567786.938	1297306.75	1728551.38	1703085.75	1092107.75	448737.063	201037.547	123292.742	87798.1953	65293.9414	39718.8281	23973.584	12999.5156	8556.47656	5396.47314	3496.00537	2290.76514	1875.96594	1242.07153
654	289925.281	550814.125	1274893.38	1710022.13	1701596.88	1095064.88	445954.281	201934.047	121194.336	89347.0469	64389.7461	40045.7227	24211.002	14029.9365	7979.23242	5126.68457	3397.19482	2290.35107	1738.8667	1087.74902
655	283633.094	549072.375	1258114.13	1668748.5	1694178.5	1090500.75	451815.375	202559.531	121412.492	90662.5625	64222.3086	40035.1328	23803.1055	13258.9229	8268.42383	4861.75879	3275.36792	2722.979	1375.2356	1163.02551
656	283913.406	550922	1265841	1673986.38	1649130.25	1061974.63	440293.188	198920.563	121524.055	91635.5	62912.3672	40376.7578	23081.2305	13051.1328	7620.42578	5177.46826	3576.1394	2493.60034	1424.00684	1275.84863
657	281823.625	538201.875	1236269	1658161.63	1638363.75	1067787.63	440036.594	203676.078	119819.953	91250.3516	63578.7383	40258.668	23809.8613	13529.3789	7887.59229	5629.2334	3629.89697	2436.66797	1740.41992	1243.85742
658	279418.063	534883.063	1213920.5	1621307.5	1643086.25	1061450.13	440775.938	199563.172	122965.914	92593.7578	64399.0898	40983.4219	23007.0039	14259.0508	8164.70605	5625.82813	3723.16772	2634.45581	1781.92957	1324.72205
659	276826.594	530620.625	1213077.75	1615911.25	1588726.63	1039356.56	432362.688	196124.156	123415.125	91958.9141	68069.1953	41709.6992	23752.9199	13211.7705	8616.07227	5712.98535	3657.80176	2470.20654	1216.65576	1132.90466
660	278654.125	523238.031	1190948.88	1597487.88	1583114.38	1035053.88	428837.188	199428.781	121654.414	91927.4141	65001.4531	41131.6094	24738.8398	13889.7334	8766.14063	5529.604	3212.84888	2615.36865	1441.55347	1203.88928
661	274844.344	517735.031	1170673.63	1550840.5	1584095	1036453.19	435164.375	200313.625	124671.68	93301.7656	66513.7266	41352.4609	24533.4297	13900.3535	8302.02441	5175.7998	3989.88623	2353.72925	1448.58533	1062.09546
662	269939.625	517410.375	1189404	1554733.63	1541378.13	1009921.13	426966.719	195883.5	122225.18	94064.4531	67520.5703	42548.4805	25183.2578	13457.2041	7951.24463	5215.06689	3753.39941	2984.42969	1319.02295	1234.26318
663	271340.313	505833.563	1153752.5	1533884.63	1532306.63	1007923.88	422398.438	197153.813	121254.648	92475.6641	67212.7891	42541.3164	24510.8359	13640.7871	8632.00977	5368.35596	3582.47363	2240.09448	1602.60059	1185.43164
664	265237	499826.688	1131063.75	1510325.25	1521511	1006046.81	423266.156	193485.594	124388.617	95705.2109	68133.8828	40583.4727	24623.7148	14261.8643	8320.34375	4929.28516	3822.13086	2340.15796	1341.349	1267.54553
665	260465.547	504816.406	1132218.38	1495947.63	1500142.63	977185.313	418740.031	193005.281	123879.898	96693.8359	68335.9063	44608.7266	24445.0371	14651.3184	9055.39453	5986.42139	3678.04736	2258.90796	1687.18921	1108.92383
666	267368.906	493147.563	1118191.75	1476021.13	1472251	973949.813	410993.188	193502.875	124069.734	91964.9375	67717.125	42773.0313	24790.3574	14554.9336	8352.98438	5640.77197	3334.7002	2589.25366	1511.22791	1146.66199
667	260251.531	479472.344	1090720.88	1434195	1459639.88	972236	413530.5	193164	125783.75	96118.7656	70398.7266	42475.082	23942.2031	13773.5488	8165.43652	5541.78271	3415.51147	2346.20703	1576.3916	1164.09021
668	259440.688	483350.188	1093316.13	1418339.5	1446359	941475	407359.875	187268.797	122705.398	95714.1641	70035.7109	44595.2813	25100.6406	14826.4229	8326.35645	5555.00684	2862.86353	2617.68237	1439.8446	1167.36475
669	256939.844	479630.188	1065682.25	1411852.13	1411755.25	935800.375	401032.406	192072.781	122722.758	94992.6719	68988.1172	43185.793	25315.0488	14093.834	8274.80469	5659.61963	3467.10547	2073.52197	1519.87732	1227.51611
670	250721.531	464461.344	1031075.81	1375010.13	1407922.38	933658	405079.563	188735.563	124200.508	96360.5781	68593.7344	41091.5781	25165.5566	14349.7002	8660.47559	5414.3291	3425.78955	2465.2876	1790.86292	1306.06018
671	249718.5	468183.531	1042400.63	1367027.25	1373807.38	913516.438	394316.281	185437.297	123417.523	97107.4219	69305.9297	43300.0703	24101.3086	13549.7734	8518.30566	5059.64551	3307.1521	2363.74341	1985.24304	1131.5166
672	254372.281	465190.563	1039196.81	1380521.38	1364189.38	924768.75	395596.719	192330.844	124133.078	95108.5313	71509.3359	44347.4141	27147.0977	14338.7891	9517.97266	5107.57764	3436.23218	2038.88452	1556.61804	1293.81787
673	255917.969	468267.063	1039203.75	1369702.75	1400428.38	941723.938	406116.469	190350.125	127431.203	103285.172	72846.8672	44057.668	26518.9551	15128.71	9292.81738	5606.92432	3929.37183	2599.66309	1459.43445	1273.46301
674	258763.766	480675	1052874.63	1375674.63	1400276.25	936031.875	406499.938	193996.641	132505.984	102767.523	75299.3203	44303.6328	25522.2129	15751.8447	9023.46094	5160.32373	3152.20264	2749.46338	1901.49866	1424.51086
675	260584.328	467738.406	1027022.19	1368183.88	1366309.38	913772.938	400702.438	196207.516	128673.063	99801.0938	74595.8359	45708.3438	26346.5938	15360.4258	9427.61914	5391.30371	3719.20825	2445.97827	1958.70654	1290.71179
676	252615.375	449837.156	994186.875	1313575.75	1344037.13	908107.25	396745.406	191137.406	129673.43	103537.883	75672.0547	44935.293	26853.3438	15119.1152	8935.41699	5475.34473	3404.45093	2547.97144	1573.06641	1241.79565
677	240060.797	451767.375	988666.125	1276617.25	1303124.13	872702.313	387565.906	187620.156	125489.906	100752.969	73677.3828	46589.668	24831.6191	14563.0479	9034.87012	5923.35449	4060.83911	2824.33154	1610.30432	997.157349
678	243256.297	435462.781	968562.75	1272690.75	1265084.25	865428.875	373993.938	186425.953	128951.797	98427.0859	71538.3906	44937.875	25995.0781	15824.1875	9238.84766	5414.34766	3356.59546	2687.05859	1613.68433	1157.47388
679	243820.328	432306.688	942179.813	1239960.5	1268899	860863.563	378069.063	187821.25	126797.508	100059.719	75113.3281	47391.1953	25048.4551	14888.9385	8563.53906	5843.15625	3883.63354	2706.09253	1725.70801	956.610962
680	245930.203	439269.406	955759.688	1260372.38	1250927	847949.25	379921.063	186607.625	125155.664	101758.883	74891.125	45656.7773	26358.1055	14918.3652	8787.07031	5058.9292	3913.40674	2625.35767	1506.58398	1137.71643
681	239074.031	430781.063	932321.063	1221879.75	1260816.38	860930.313	379037.125	182446.984	131655.781	103293.945	73827.4219	46366.2539	27291.6465	15693.3828	8804.69141	5442.2959	3301.66748	2294.39282	1807.92786	975.954163
682	235820.531	431606.688	912401.063	1208568.88	1228647.75	830624.438	371207	183698.703	129782.305	104313.516	76824.3594	46766.8945	27036.7051	15635.6914	9084.53906	5442.75	3490.84448	2275.61841	1301.19434	1047.22656
683	237209.219	425452.5	920411.625	1211768.38	1200394.88	818382.813	362098.063	186953.984	125022.297	103006.414	77460.7031	47817.7852	28148.5137	15487.1074	9389.24512	5602.34375	3923.51245	2438.00391	1686.09973	1394.71448
684	234816.281	413901.781	896868.188	1182339.63	1207547.63	831022.813	372528.219	184357.969	128079.625	105927.336	75490.5625	48614.9609	28790.6152	15530.2705	9017.65918	6137.00488	3732.28857	2878.0603	1449.59668	1150.78516
685	234068	416845.781	882381.625	1142409.5	1182182	813061.75	370446.563	182861.328	129963.758	104340.891	77906.0859	48686.8477	27260.0215	16329.9102	9591.69922	5715.23389	3627.95898	2283.89136	1710.94067	1245.72974
686	229966.938	408424.969	881183.875	1159309.25	1165108.13	796801.125	359217.563	183430.938	126898.891	104181.977	76689.9453	47132.9023	27144.6289	16250.7021	9707.61328	5764.01514	3712.43994	2376.74634	1693.46326	1095.47937
687	229901.938	404508.969	860202.875	1134487.25	1169013	795220.375	362135.063	183801.656	126287.109	108858.328	76165.5234	50096.2656	28600.666	16245.0449	9452.36523	5472.84326	3569.79419	2747.43091	1649.20972	1206.30945
688	231184.938	408314.594	843860.75	1101185.75	1154241.13	792694.25	358379.281	180448.609	130123.852	107669.891	77459.7344	47181.8242	27997.2227	15140.3721	8522.74316	5565.19141	3299.99585	2094.92261	1704.53809	1095.03308
689	229657.609	401481.906	855757.25	1105502.75	1120474.75	774825.813	353590.594	175810.313	129200.297	106051.875	76880.4766	49611.0195	27813.6895	14877.5898	9443.37598	5731.42188	3956.98901	2528.87793	1590.13831	1254.36035
690	226988.109	390018.281	834947.375	1088049.13	1121050.88	770732.125	352372.531	181067.188	125582.688	107473.844	76031.6797	48480.7266	27649.5586	15323.1836	9447.0498	5332.52148	3517.64404	2683.09595	1569.03345	1219.00378
691	221844.141	392998.688	820880.938	1061790.75	1105273.88	769908.625	349574.875	178615.922	131962.453	111641.516	77846.5156	49151.6992	27239.5566	15852.9512	9224.86133	6015.86963	3614.66211	2803.9458	1838.92102	1095.12122
692	223273.922	390348.844	815086.875	1066933.13	1077724.75	754188.5	342077.063	179116.719	130459.914	109183.914	80554.4766	50757.8477	28996.541	15678.7598	9169.77539	6935.6543	3518.35645	2632.4104	1761.62	1189.62
693	222893.313	375980.844	796592.313	1046607.13	1082553	759801.625	345950.438	177709.641	129231.289	107924.289	80061.4609	48930.1875	27933.6211	15820.3896	9438.44922	6087.33008	3351.95068	2321.10229	1531.15552	1037.10168
694	219817.188	378255.313	790569.938	1016608.5	1061295.5	740269.063	342200.594	173934.781	132023.297	107218.563	80633.0313	48861.5352	27060.3477	15929.8115	9266.12793	6578.06055	3576.65039	2824.24414	1579.94421	1248.88867
695	216996	377250.5	785585.938	1017122.88	1031966.75	727269.688	337867.156	176188.281	126022.352	110419.141	79515.0547	50151.1953	29717.9551	15830.4326	9245.17578	6099.52832	4263.48975	2593.84668	1731.23486	919.650269
696	217914.781	367371.688	765820.875	1000489.63	1038367.38	736459.125	329980.719	174428.578	127682.836	112276.125	79418.9844	48984.5547	28649.5547	16963.2207	9479.74414	5919.3335	3502.31714	2760.50391	1602.61108	1072.43567
697	215479.125	367354.656	758557.5	991698.563	1026692.81	715179.938	333825.594	174145.734	130632.672	110743.422	80202.7734	49786.3438	28255.4219	15147.374	9601.52148	5791.81836	4077.36255	2926.08545	1637.70325	759.996277
698	216509.953	366847.625	759841.438	984092.375	1000280.25	699464	325371.031	169762.563	126263.672	110429.828	83559.4141	49266.4883	28343.7227	16028.1387	8923.15723	6322.27441	3692.89209	2601.7041	1726.40454	1175.40173
699	211909.063	354497.563	737953.813	968211.063	986564.563	700600.563	324116.75	173140.453	129563.188	111026	80140.1953	50500.0156	28380.2246	15542.6777	10162.1875	6357.16455	3603.4939	2830.82324	1565.46985	1323.43506
700	209181.563	351860.219	723442.813	932935.563	985326.125	701207.5	323082.406	169218.75	128499.133	110188.063	82353.2266	49304.4258	28132.7754	15823.915	9666.5957	6156.84863	3771.98804	2240.78711	1304.92371	1226.13013
701	209714.844	355245.875	727050.563	936070.625	956238.563	684666.875	314315.469	168324.594	127954.5	109926.031	84316.2891	51170.8711	29298.7871	15852.5371	9330.19043	6359.2373	3811.6604	2386.50537	1916.97314	922.673218
702	205924.281	343434.688	715408.313	918236.438	946949.063	682078.813	321971.219	170598.297	125682.93	108332.781	80519.7891	50792.9531	29573.8418	15376.2813	9389.32227	5586.96045	3448.18945	2370.85449	1679.44299	1074.44946
703	202625.781	344700.563	699143.438	903291.188	942561.75	674090.25	311036.094	165229.703	131698.406	110843.906	84323.5469	50514.3125	28562.4258	15880.0361	9044.68164	5688.57959	3321.89136	2593.55737	1887.35071	1196.18005
704	201013.969	340840.656	703068.563	899078.5	913557.5	649597	308063.031	165540.5	126969.734	110001.047	84095.6484	51994.7227	29399.9707	16218.6162	9229.39355	5709.50928	4327.7876	2294.50415	1426.00439	1288.60596
705	202329.125	334024.438	679416.875	886342.938	908037.188	654678.063	307244.906	166831.797	127202.258	109413.641	81518.5078	50381.8672	28746.0078	15093.1162	9423.52441	5947.8125	3516.95679	2622.91089	1391.66675	1030.80542
706	195834.438	332125.906	669857.313	855234.5	900638	650375.813	305751.344	166639.609	131204.859	110168.664	82420.1719	50309.3125	28814.9648	16722.8945	9423.62695	6552.68018	3611.1394	2650.83594	1591.828	1191.37781
707	194893.25	330040.375	667129.563	856431.438	878756.688	635677.438	302369.75	161003.813	128353.398	113591.5	82602.9063	50202.4766	28818.4043	16049.5645	9898.44336	6121.8833	3803.13306	2624.34448	1479.32825	1141.37537
708	198405.5	325170.969	652393.188	841398.125	871809.25	633225.813	299738.906	166645.453	127414.867	110735.438	81052.1484	51475.3984	29067.3418	15590.0869	9579.16699	5420.48633	3824.71021	2731.2041	1770.17871	1021.99554
709	193453.906	322301.969	641255.25	814038.813	856946.25	624678.75	301891.281	161045.422	126803.117	111873.086	84129.5781	52015.1172	28897.6328	16347.1191	9576.87695	5831.21436	3412.53735	2957.58447	1673.849	1153.77295
710	191049.234	317334.719	640392.875	815387.313	840407.375	610901.063	293159.313	159175.156	125346.203	109869.359	83217.0781	51487.6523	28711.9063	16719.4688	9303.35449	5983.61963	3842.62402	2349.9502	1842.62439	946.489075
711	193123.297	309175.75	629427.25	808704.25	832820.063	602734	291116.625	161580.766	125356.055	108699.438	81734.8594	51087.6797	30237.4492	15920.0303	10630.2275	5615.01953	3325.48999	2839.48657	1209.20569	1032.41846
712	190091.109	310390.375	610719.5	783530.313	833268.625	602542.063	288543.219	160984.703	127634.219	113117.57	84862.7188	49806.0352	28705.1641	15293.8916	9077.62305	5986.71289	3688.04248	2245.07202	1686.00464	1305.86951
713	189665.266	309242.813	615546.5	773913.5	798629.375	583975.063	285914.344	155596.125	125564.875	109690.227	83917.9297	50330.1563	29789.2344	17274.7539	9453.07129	5960.75195	3407.29395	2382.23022	1511.7821	1177.23962
714	187771.203	302420.906	604477.563	763242	797644.688	588969.063	282769.344	159108.25	125623.625	106324.516	82746.9609	52925.8398	28863.0625	16008.5723	10359.4424	5730.09131	3252.95483	2498.81592	1661.53088	1217.42554
715	182761.422	304730.469	589094.75	747507.375	802769.063	579720.188	286383.969	156865.391	126506.023	112789.094	84405.2891	50913.3242	30175.7891	15879.6748	9522.93262	5694.7207	3935.79712	2850.35254	1565.3468	1010.30353
716	184668.078	298320.781	585348.375	733328.813	767950.875	563274.688	277139.219	152693.5	125899.758	112483.797	85043.4531	51626.8438	29484.4512	16018.3584	8433.80469	5966.81641	3856.34302	2296.38086	1574.15015	1132.4707
717	185006.422	288322.938	566051.625	731994.5	759721.25	556038.813	272380.219	157774.891	125613.484	113229.656	81299.3438	50998.5938	28632.6777	15832.0938	9304.25195	6038.3999	3699.87915	2500.55396	1721.95703	1124.2887
718	181083.047	291130.844	559531.063	719887	755688.063	561396.75	275139.281	154232.594	127030.703	110002.734	83675.4375	52796.9336	28778.0254	16597.1406	8231.90625	5776.29248	3421.35205	3326.99829	1651.28528	843.551819
719	178171.859	285163.156	556738.75	702363.875	736637.813	545298.125	266471.344	148920.656	124485.602	112853.086	84235.6875	52211.3359	28842.1426	16212.9082	9338.3291	5892.36426	3488.92065	2355.51611	1620.07202	900.844421
720	181424.375	276621.531	552190.375	699286.125	714844.438	546952.375	262533.531	154527.547	123949.258	110770.75	83311.9609	52054.4883	28592.3262	16091.0996	10443.3037	5724.21729	3532.07178	2319.07886	1648.38953	1150.03381
721	178074.703	275752.156	543395.375	680026.438	724157.125	542257.688	268115.156	150380.672	122399.961	112648.023	81063.3438	51161.9805	28939.916	15543.7354	9549.30273	5703.58203	3766.7998	2560.83936	1834.74805	1132.46362
722	173800.641	280868.219	536779.438	669991.75	708730.625	526108.438	259218.594	147228.234	124338.102	110738.023	83267.9844	51561.082	29302.0254	16650.6758	9914.36035	5914.34033	3488.65527	2673.33618	1695.31287	1065.49023
723	176028.313	270291.063	522254.625	661381.438	684110.375	517528.75	257903.625	148607.813	117484.766	106368.273	80560.1875	49958.5078	28180.4609	15407.9971	8733.69727	6046.75537	3762.83301	2288.2522	1443.67798	1220.05334
724	175121.344	266916.125	506504.719	643609.625	692144.563	516363.188	259313.313	142907.469	122835.734	112036.031	79521.9844	49956.4766	28982.0703	15918.4619	9886.04688	6124.29053	3386.39429	2214.67334	1808.72217	1130.43359
725	170259.219	268765.375	510333.125	638243	668626.438	506765.344	248438.094	141907.656	119797.367	110812.648	82809.5859	52074.4609	29691.0313	15717.4268	8763.60449	5782.72949	3619.36304	2635.87231	1635.41772	1010.79578
726	170053.594	256072.234	500484.375	632843.688	656232.063	500135.563	246989.297	144152.375	120978.594	112170.625	80739.2578	51227.9805	28664.7832	15888.3115	9737.07031	5606.91113	3568.08813	2517.48584	1739.00952	823.983154
727	164307.266	258938.063	488538.156	625426.5	661902	496768.094	250056.922	146019.266	122477.242	109570.523	80883.4766	49657.9219	29477.4785	15149.5684	10636.917	6427.51758	3408.04248	2686.4248	1795.55164	766.270752
728	164279	255682.344	481789.031	604104.813	634994.688	481671.406	246844.609	139322.141	120693.195	109352.836	84812.2813	50930.0703	28626.0977	15744.0859	9129.46973	4987.90918	3832.82324	2249.41382	1637.59326	784.466431
729	165013.875	250538.172	477604.969	596913	623848.438	477461.563	237233.547	142543.5	119102.555	108627.68	84191.8906	50046.5469	30388.9297	17278.5	9267.82227	6815.81055	3696.21753	2722.90112	1667.42529	1298.2821
730	165355.328	249451.75	470179.25	587130.063	624295.875	474353.469	243079.688	142658.688	119428.555	110074.102	82324.6641	50020.7539	28773.1348	16572.9727	9688.3125	6164.82324	3290.74487	2189.41113	1529.80713	1095.8783
731	160191.766	249590.078	459781.125	572364.375	608797.5	467366.531	238925.359	137980.141	120402.492	110343.055	85165.7266	51599.9414	27323.4238	15561.7842	9190.89258	5903.71484	4637.52148	2478.7937	1378.98743	882.715698
732	164778.109	247290.578	457475.125	564402.188	593586.063	455294.125	235676.109	136561.516	118952.102	105987.742	82109.9063	52750.9336	28768.2305	15456.5547	8789.01953	5595.68311	3455.59644	2261.38867	1483.8407	688.623108
733	160020.922	240426.984	443781.313	561223.5	596288.313	459985.5	233861.625	135898.484	116866.914	111826.828	81680.5547	48540.8438	29723.1094	16039.8027	10350.5479	6012.46582	3061.00903	2310.1626	1652.3772	945.600586
734	159621.078	237927.047	439961.125	547526.125	582698.125	442995.156	228370.328	136231.922	117797.938	109210.523	80927.6328	53532.1094	29982.4609	15513.7246	8256.47559	6125.32129	4011.30151	2540.98096	1272.55078	1024.92896
735	158570.406	233510.188	437187.25	537031.875	566006.75	438556.969	222793.563	137169.422	117134.531	106823.969	82947.7891	52047.9844	28257.502	16837.4004	9935.38965	6299.02539	3329.72388	2140.96265	1604.18506	1101.62866
736	157141.516	232870.609	429315.25	529507	571259.188	433468.281	221119.25	135291.906	117713.609	107536.945	81051.8359	51335.8516	27412.7578	15821.0908	8325.27637	5883.16846	3079.36182	2050.43359	1758.34155	921.335938
737	157317.906	231277.734	419627.344	515553.563	560140.813	430822.781	223527.094	130290.992	116898.039	104400.133	82041.0234	51961.1211	28182.0488	16109.3877	8367.01855	5524.40869	2925.48438	2616.26489	2059.83936	1030.19507
738	153950.672	228916.328	422691.781	520773.5	540614.75	427434.25	221729.375	132329.938	115163.93	105232.094	81192.1563	53018.2695	28986.4023	16029.9033	9612.77832	5445.81885	3280.46436	2047.65735	1649.12354	1172.46973
739	153571.109	223934.219	405114.094	504925.063	544332.75	415683.906	223452.797	131383	119506.711	107585.648	80818	49957.2578	28927.0371	15633.1611	8744.01172	5719.02979	4010.28394	2578.99487	1228.94312	1104.20679
740	148719.938	222505.438	408265.594	495487.094	526710.563	414926.375	215865.422	131141.25	118739.813	107104.586	82624.8906	49629.2539	29818.4531	15265.4912	9558.83691	6103.74023	2763.95996	2197.46313	1478.85938	1069.50952
741	152851.984	217898.859	397909.313	495957.188	518636.813	400793.563	207917.297	125938.172	111456.078	110056.164	79845.4531	49363.0234	29155.7246	15968.8203	9138.68555	6043.56299	3717.62256	2882.63867	1763.30396	1089.44226
742	153185.125	215847.641	383074.531	473557.594	512356.875	403781	209105.453	134352.016	113853.961	105490.266	79785.6719	48180.9258	27702.5078	16619.6758	8610.19141	5374.42627	3858.89526	2025.22803	1538.49475	913.771423
743	147503.266	215201.375	384104.625	469763.094	506568.063	391751.906	210063.469	124248.742	116295.492	104783.086	82277.7891	48744.7813	28417.4434	15805.8252	8996.33984	5963.33252	3394.47363	2666.30786	1301.46179	832.279297
744	149732.797	210731.953	380505.031	468171.5	495079.281	386424.781	205296.828	127144.75	112190.289	106346.805	83554.3281	49282.5156	30155.2012	15534.5322	10167.3291	6184.82031	3166.78271	1838.60364	1463.22266	884.516968
745	147038.313	207084.922	361502.875	454458.156	490284.406	394795.969	204120.578	126207.953	112395.836	102912.055	76384.2734	50652.4492	28210.2578	16874.7402	9047.63086	5269.021	2923.78442	2053.38428	1255.26074	591.504333
746	144291.641	210939.422	362019.969	446307.406	481693.156	379360.156	203790.688	122900.656	110138.594	105092.398	82528.7188	49760.625	27555.2031	16735.875	8180.53711	5675.68652	4027.15601	2594.37549	1882.49292	1315.61938
747	146030.484	207483.391	370243.781	439158.844	471159.594	365045.156	195660.484	125475.273	110279.484	107742.82	81675.7188	48245.5742	28373.9219	15405.0264	8594.1748	5557.2002	3465.39355	2248.37988	1522.76135	760.199219
748	143668.438	204731.547	346229.563	435852.844	467230.75	373211.094	192418.359	123381.805	114812.313	104059.773	77779.2344	50203.2031	27942.4199	15160.2754	9088.24121	5873.00293	2489.77344	2337.55469	1781.33044	925.473511
749	142104.328	203865.469	345170.75	420359.688	458614.5	364514.25	193573.359	116354.359	110687.406	106512.188	79708.1641	48390.8086	27574.2773	15290.7168	8045.4248	5728.2124	3587.95068	2452.60181	1365.95361	793.749573
750	138884.109	201088.969	345754.969	422163.969	447266.656	348286.875	187027.953	121574.617	111707.93	103137.008	78142.8359	50623.3633	26708.9395	15106.2627	8406.96094	5409.23193	3178.20337	2547.42432	1505.95825	927.573853
751	141765.609	190671.094	338884.219	411139.625	436760.656	355022.969	192910.5	124100.875	107468.18	103306.953	78563.7266	49694.4375	27112.3457	15712.0059	9430.1543	4849.021	3167.4939	2256.73291	1579.39392	1343.81458
752	135786.984	196847.188	332834.25	397566.406	441101.188	350376.656	187904.641	116948.117	110793.344	102124.797	84300.8672	51014.6016	27478.9238	15397.3867	8649.75586	5040.55029	2464.63257	2141.13208	1126.21497	1455.84436
753	135473.844	191395.719	324460.594	396963.313	427446.781	343777.656	183840.875	118548.188	104994.281	102288.141	77147.4141	49294.9961	28724.9141	16164.0195	10545.6699	6084.82227	3709.32007	2099.10522	1729.27307	1113.07642
754	134202.516	184775.375	319975.781	395071.938	416935.25	335453.938	187275.469	115238.391	108120.906	102940.938	78256.3047	50237.9648	27828.6719	16006.3877	9412.73535	4737.83057	3015.00537	2396.16528	1510.60754	713.084595
755	133794.344	190477.953	318405.844	381461.906	423291.656	335782.875	184655.828	112229.5	109058.859	101037.836	80217.3594	49746.1094	27069.5859	14756.4854	8940.56055	5094.00586	3458.96045	1965.15027	1242.39417	1239.75647
756	131775.172	183183.063	314943.438	379880.094	400070.5	328300.781	174768.547	111047.313	107863.539	104297.664	79845.0469	47314.8945	26792.5137	15601.1904	9362.51953	4816.06152	3413.02563	2049.68188	1526.98279	960.542786
757	133302.609	179753.734	301108.219	371792.344	405442.719	333063.75	177991.563	115293.086	104300.914	98928.3203	78724.9297	47368.6641	28698.832	14316.7822	8542.07227	5353.41602	2902.14233	2544.35425	1561.04456	1335.51624
758	133152.344	179884.594	302831.469	364448.563	386019.719	317166	172248.781	111346.563	104637.281	98085.8281	81866.6797	46748.8516	27127.6406	13909.3584	9748.72852	5818.84277	3595.66528	2601.49951	822.589722	1048.47144
759	131836.359	184770.656	306230.75	363889.5	385392.813	308849.281	170831.031	112726.633	107389.219	98125	79333.7578	49142.5469	24986.5332	15597.8877	7808.85059	4986.39941	3177.72192	2432.32397	1304.48291	839.097351
760	131509.594	176904.297	290644.281	358530.156	385952.344	316061.188	173656.844	112113.203	106086.797	101749.695	76100.0391	48349.8555	26780.0742	16152.8779	8257.86328	4820.23096	3813.98486	2002.65686	1962.46863	908.304749
761	130207.445	179755.688	281725.094	344945.063	381029.281	308748.969	172437.016	105143.414	108703.586	99978.6797	79305.1328	45846.7773	25126.6992	15495.1484	9210.29395	5547.89941	3069.70996	2630.76563	1851.71692	1069.73914
762	124698.938	171629.5	288821.5	342336.656	355398.219	306396.531	164531.5	105822.93	105461.977	97919.5547	77239.0703	49470.4844	26378.002	13041.583	7752.8418	5324.49023	2929.45679	2285.27905	1488.66357	1092.35706
763	130097.211	167846	277538.5	349369.688	363352.5	300635.938	168484.156	105215.805	99980.3516	99125.0938	76977.9688	48591.6797	30399.7227	15268.1504	8991.75879	3981.34351	2739.32593	2834.21045	1516.44165	958.33429
764	125695.203	174429.25	277222	330252.5	353700.281	297524.719	160218.328	108542.414	101282.977	104045.922	78782.3438	49481.5508	27838.6484	14982.3682	7489.41553	5399.14453	2842.15503	2324.22803	929.018433	722.604065
765	121913.859	167353.516	266190.813	329093.656	347026.406	289373.031	160304.984	103882.922	101294.688	100146.227	79517.25	47121.2461	26731.293	14646.3125	8172.2749	5566.55811	2896.44946	2107.03979	1894.90295	994.17334
766	128094.836	160690.719	262881.969	321444	341985.594	279341.063	159331.781	107360.922	94987.6875	95348.9609	80365.0313	46147.0938	27516.0137	13613.6611	8652.38184	5735.33984	2844.53809	2039.12683	1448.00964	962.975647
767	123932.438	167163.203	264722.531	309832.375	341490.906	277952.844	158067.047	101582.047	104073.578	97870.7266	77627.2578	43794.4375	24049.9023	15683.0098	9277.92285	4324.12891	3840.09058	2186.33496	1092.01746	1091.81165
768	125352.867	168581.734	262735.156	313360.125	332592.563	268226.156	153537.516	104317.234	98561.2109	97599.4219	74180.8438	44741.4844	26000.5293	13683.9873	7729.06494	5236.92969	3694.25439	1898.82324	1510.23901	893.437561
769	128582	154729.703	246654.719	304761.375	337850.594	270358.5	155136.656	100990.742	97163.9141	96338.125	69884.6563	47508.8711	26838.8359	15260.1758	8858.66992	6313.86426	2798.57153	1598.05115	1025.83301	799.717834
770	119897.133	161487.141	248108.703	294036.219	324034.719	274881.938	155275.531	100326.242	94857.75	97452.4922	75549.6094	47341.1523	26525.0645	14655.4834	8626.89648	5272.16748	3076.06055	2036.96777	1334.0968	926.131042
771	124766.484	163072.422	253091.641	296368.188	309473.5	266020.219	151994.563	99572.3125	102625.398	97735.3438	74522.0781	48331.4102	25124.1875	14111.8926	8541.46777	4361.82959	3721.39209	2067.08252	1064.35974	768.78894
772	121392.898	155794.656	237190.094	286651.719	305443.313	266076.938	145799.703	103074.953	94339.5781	99694.7422	73871.9453	47283.3203	26911.0879	13364.0928	7949.8374	4575.52539	3323.97241	2536.50684	1081.14734	1084.90393
773	122179.047	159473.516	238550.141	283316.625	308823.875	257405.203	151508.266	96347.5391	100505.922	96760.2188	70805.5234	47083.5	26096.3047	14800.1748	7451.76709	5203.7373	3144.24365	2465.17969	1166.36548	925.463379
774	119440.773	148934.047	244059.016	270932.906	300622.75	256306.047	142892.094	97617.3047	97003.3984	97862.4453	74470.8359	48470.832	26182.1738	13266.2402	7862.54541	4992.01367	3578.78394	2192.21289	1506.69019	877.050537
775	114655.633	141777.563	239850.625	275029.031	300035.844	255446.5	139701.984	102366.43	99124.1484	93202.0078	70014.6797	46220.082	26474.1309	14262.0859	8997.32129	5357.57959	2554.35889	2689.60742	1720.72766	1149.47949
776	115424.188	137180.891	227485.547	268799.438	302962.469	251044.438	141871.453	98595.9453	97448.25	98533.7656	71500.1797	45692.5078	24994.9766	13593.9941	7908.67188	4362.13086	2546.396	1497.87183	1634.3147	912.250061
777	114768.016	148244.641	234700.172	261216.938	282494.813	244271.031	139423.594	99048.1797	94897.8281	93741.0156	77031.8281	44336.0273	26979.6523	15416.3467	7492.66309	4777.75781	4051.76636	2393.53784	1194.40198	1133.56226
778	113930.625	145739.313	227530.172	255967.453	283816.688	245779.422	138304.828	98399.7188	90582.1563	94677.9922	75822.6094	44361.9375	24398.6074	15460.9551	7238.49951	5015.50586	2653.23145	2512.49146	1759.88147	1016.97626
779	114755.68	137231.484	214221.297	256638.781	279492.5	241476.625	136960.078	94811	95754.4063	91475.8516	73196.875	42228.1445	24827.6738	16303.5342	7303.61377	5206.15186	3044.0415	2415.80981	1387.19055	623.282166
780	115457.344	145444.203	227871.172	244061.141	264523.438	235108.063	134227.797	98225.5156	91239.4531	95813.8906	76530.5078	44342.3477	26492.5449	14717.7051	7245.18848	5142.85205	3180.90405	2186.01318	1197.9707	635.879822
781	116423.398	139062.859	210231.781	247450.344	261115.969	232700.188	127448.992	96255.0156	92400.5625	99576.2109	68920.4141	43411.7383	24584.373	14560.7783	7939.46387	4797.47852	3377.74634	1865.54321	1940.80493	1291.20496
782	107432.586	135169.516	212013.141	245621.641	265271.531	237263.469	133610.453	92599.4219	96061.3203	98976.5547	73078.6797	43758.3984	23430.8828	13882.1084	8087.81201	3576.57861	2632.28174	2337.01025	1679.51489	511.985626
783	111147.391	137293.125	204783.578	241569.656	263215.125	219997.719	132091.703	89332	96070.125	94727.4609	72292.3906	46604.9023	26032.959	13131.8496	5785.10205	5792.82275	2825.73828	1936.99316	1194.70557	743.767334
784	110986.641	138013.422	206764.734	241551.813	262134.578	219422.516	127299.484	90457.1953	90335.6719	90237.7344	72065.1484	42072.4961	25766.2363	13479.2051	7702.60693	3703.17432	3117.30518	1515.27954	1361.97363	530.431335
785	103297.281	139078.078	197129.5	237109	249460.969	223194.969	135737.641	88546.7578	88956.2109	92980.3906	67193.0938	46004.6914	23643.8457	13125.1924	9467.44922	4478.92236	1855.03821	2472.17871	1312.82874	386.545349
786	106444.547	132972.406	199761.266	227507.969	262497.906	219794.109	127111.32	89438.5781	93438.5625	92339.7422	67638.7969	45139.9492	25360.2246	15608.4033	5683.83105	4241.15723	2446.3186	2762.49463	1024.64917	629.078857
787	108398.5	131620.844	188587.609	229749.219	246407.109	211507.313	129062.336	91304.2266	88681.2266	86661.6563	71987.1484	40760.043	23793.0781	14824.5625	7124.87549	6157.93408	2647.08496	2565.45801	1282.62817	1119.65955
788	108754.195	133169.344	191970.063	220711	241572.859	216901.594	129858.836	87584.8125	90237.8984	91271.1797	67944.0156	42863.8008	24440.8984	14144.1875	7758.97559	4565.73975	2938.0249	2038.94922	1384.31104	1141.23779
789	109604.047	131707.422	189117.141	215219.625	241175.703	206987.031	120011.023	90962.3672	90884.4688	88156.4453	71821.8672	41780.2422	24740.0664	14232.3389	7695.27197	4219.45996	3496.57593	2329.65625	1408.31592	996.369568
790	115210.461	131087.969	183261.969	212062.891	232873.016	203267.219	122464.68	87558.3594	87437.4766	92413.1016	71863.9219	44232.7383	26192.8965	14139.79	6108.38867	4220.86621	3127.36133	931.905334	1779.81982	676.568298
791	106624.586	132585.328	179178.594	215783.266	229400.828	203847.578	125302.57	85452.1875	92735.375	89416.6563	69099.1797	43366.1953	25831.6992	15766.2734	7681.90771	4397.91699	2589.16333	1471.28247	2247.54199	950.180603
792	105884.898	129343.828	186170.484	217192.313	227916.266	202821.031	120192.977	84153.2734	89090.7578	91842.3672	70458.7891	43502.5508	22779.834	13343.0576	7930.86035	3776.63623	3254.15967	2292.40137	1231.78784	615.380981
793	111088.852	122071.828	181875.984	210772.875	218643.219	193302.688	113326.18	85476.2422	84937.8828	85976.8203	68104.7031	45145.1797	28627.3242	11214.7461	7425.32861	3853.62842	2783.88525	1521.56665	1074.38428	716.548706
794	100136.93	123527.93	170255.844	208405.422	222549.578	204077.828	119522.32	82873.1797	86251.1328	95594.5625	72872.4219	41046.5898	24061.6289	14181.7012	8592.41016	4854.7207	2198.71021	2935.03198	1741.0293	914.804626
795	103925.336	124307.859	174077.422	194567.219	223518.641	194769.141	116141.633	80436.1328	85334.8281	91799.2344	71822.0313	40636.3711	24486.9141	15262.7754	8069.83691	4221.5791	2236.5481	1957.87146	1211.71094	745.773743
796	106000.25	129578.859	171495.656	198515.828	210694.281	191442.031	119578.063	79569.8516	85065.3672	87096.3359	68379.0938	45878.2734	25644.7344	13939.5693	7028.44629	4790.12598	2379.48584	1908.51758	1525.29688	474.611572
797	101498.375	123043.633	174789.875	188427.656	218126.703	191154.969	112149.461	82409.3906	85812.0078	89676.1328	70183.6875	44727.457	23648.6016	13209.0127	7442.40381	4188.71875	1942.41028	2428.47168	1646.97534	677.708374
798	103193.07	127466.813	171478.594	188030.438	204375.641	177933	108460.586	80120.3281	86860.5156	89414.3438	64728.4063	43281.4688	23572.6484	14825.4473	6527.39893	4361.12549	3658.60986	2080.49609	1187.50903	495.013367
799	103040.703	125807.039	170988.625	200455.547	209345.047	179070.281	115333.313	87515.9922	82503.8906	83919.8906	58643.1836	41594.5938	24248.7402	12765.8926	8695.2793	3347.03442	2835.39063	1924.86389	604.726685	1112.3269
800	110007.711	117053.125	168384.547	184305.516	201275.188	184065.203	107184.57	83381.5469	86909.5703	81954.5781	65783.6797	41805.0039	21952.8789	13830.6904	7434.10156	4765.21533	3709.76392	1758.14746	825.259155	413.038116
801	101620.211	119527.055	162130.609	187215.781	196541.656	180046.938	123431.172	80886.75	83258.9531	86007.1406	63224.6953	38835.5664	21986.6309	13464.2676	7881.03223	4331.65869	3896.09985	2639.71606	1266.04651	630.99707
802	99871.25	116296.688	163500.984	195107.156	196929.313	171571.063	112084.516	79239.2813	79025.0156	89122.1484	68723.25	43914.3555	23485.8477	14331.4492	8717.76465	3675.229	3017.2417	1830.17126	1403.39856	752.784424
803	102636.109	120792.984	170601.75	179008.141	200118.734	176357.859	105659.258	81246.6016	82912.8828	87196.8125	65344.4219	38494.1641	26817.6777	14860.9326	9601.24023	3429.47949	2538.85693	1654.42517	999.115662	1216.33765
804	99864.4219	116267.836	155422.688	177934.125	178336.688	171184.859	112470.695	74451.1953	85947.0703	88100.4219	64209.918	39010.2813	21639.4785	12524.4893	7756.09717	4856.79346	3391.77075	1581.77954	1238.61377	789.373352
805	103295.406	118726.422	163199.469	176445.813	188727.75	174972	95590.8906	77175.1953	84205.4922	90997.4297	69845.125	41105.1445	25684.2539	11572.5811	8180.99365	6581.55713	2195.43848	1737.82886	1159.02747	346.294464
806	100730.148	110904.742	151487.813	170666.219	192647.391	169056.641	104169.297	73668.6875	77922.7656	87339.2266	67731.1563	38594.5508	24346.1875	12691.1836	7247.5376	4413.85156	2382.26172	1546.54785	1069.84619	356.447479
807	97512.4063	114388.563	153195.156	160718.016	182841.953	165875.281	106467.359	75561.1016	87920.5625	80025.6016	61567.5664	41886.3477	22512.0176	13985.0234	7968.76953	4782.16602	1956.82849	2935.9812	734.687927	489.876648
808	103359.086	117822.383	153894.984	165826.094	183598.078	161940.063	93927.9141	79953.9219	80872.5703	84872.0938	63490.7422	45196.8867	25264.9395	13197.6104	7060.51221	4539.4707	2529.08179	1768.6571	1889.45703	1895.37781
809	99273.7344	114793.609	159544.422	170906.578	185008.563	167969.797	99988.5156	80071.5625	78620.8594	84710.9688	62555.7969	44765.5	23578	11719.4463	5093.63086	4577.9873	2347.1709	2353.05688	651.315674	260.305389
810	98300.9766	114212.094	144540.531	171922.375	179275.484	166030.594	99420.3125	75616.0313	78078.3516	82404.7109	66277.5781	40605	19820.377	12927.6406	6995.7627	6191.47705	2967.20239	1346.20593	2285.42505	270.017792
811	102526.227	110519.313	140649.344	168578.047	174852.859	156626.656	99265.7422	76632.3594	83573.7422	77745.375	63048.1328	44220.168	23799.9199	13511.5557	8079.70801	6000.20459	2928.81299	2242.11597	1257.65601	975.382141
812	104838.859	108106.758	145452.219	167162.641	166237.297	160947.234	100521.625	87689.2266	80217.2969	83511	61751.8867	42333.8672	25102.4434	12434.2197	6351.62695	5787.71729	3785.37866	1881.65808	1593.04822	724.659607
813	91600.3516	111448.188	149833.922	161314.984	162301.172	163387.859	96811.9609	74479.5547	82742.1563	83211.2891	65451.7344	41659.9727	20021.7246	10847.3398	6626.84912	3935.69824	3164.20483	2575.86084	1209.4574	1957.59448
814	103730.281	102814.203	154070.016	155842.172	172670.641	146747.406	96527.2656	72177.3281	80769.2109	83233.1172	72832.0156	39047.4297	25313.4082	14355.6152	9309.67969	4892.21875	2689.3374	1889.19055	1418.13782	1105.28516
815	104724.039	111020.648	152921.547	155416.281	176823.922	151641.172	105083.359	74741.1563	82026.5234	82637.4375	65046.4297	46107.418	24959.8906	12457.2246	6962.77881	5468.34863	2819.6416	2329.71387	834.29126	331.399475
816	92900.2031	111269.805	145721.391	147646.016	171017.063	155862.672	97459.2813	77248.5313	86076.4844	84294.5469	59826	40061.7305	25066.7715	11695.5107	6785.50781	3475.11304	2093.8938	2089.84888	873.941223	523.448792
817	94274.1484	106114.453	146628.844	149737.984	171813.219	159208.875	100896.695	73809.0547	79319.6953	84184.9453	61691.1133	41530.5742	24703.3867	15459.5264	7492.75244	3118.13477	2561.35059	2199.9292	183.56694	1100.72583
818	97391.3984	112601.18	134054.094	146610.891	170627.922	149187.219	98549.1719	75305.3203	72567.8125	88732.1172	62716.2734	38806.1992	26394.4355	10499.4473	6405.53906	1549.01111	5054.17578	1555.27783	1937.53992	1164.47876
819	98449.7422	119988.477	142906.266	144897.688	158109.859	150017.281	98301.6016	73488.3125	84356.1719	78484.9531	63365.3945	47307.6055	21469.5059	12426.625	8292.12012	5980.11914	1862.703	1655.97046	829.407898	1445.65283
820	96494.5234	114014.516	148261.078	153952.828	163126.234	150523.188	95126.5703	74955.7422	84748.4766	82364.1953	63265.4961	44419.4258	23971.9043	12121.3828	7700.41846	4619.88818	2210.31299	2427.74805	661.998535	660.460632
821	98222.5	108055.359	144053.141	156577.766	160540.891	146200.094	105620.188	81068.0078	76735.1797	78075.5938	59619.0156	42622.8828	25109.8535	16270.7178	9182.49414	4709.11865	3784.34009	1177.77869	471.993347	941.661255
822	103218	108373.43	139741.953	158798.891	165797.344	152971.656	94989.5938	72807.8281	84312.3281	87522.6797	64232.6055	42947.1992	21181.791	11909.4795	5565.55029	4806.46094	1270.06091	2284.27368	1268.70117	759.677917
823	102518.375	115799.68	144217.859	163492.578	155942.766	146257.047	95610	69821.1641	85277.6875	75222.5313	64481.6172	42266.582	26535.125	12308.1729	8473.76855	3560.17236	2188.60132	1644.16553	820.5578	273.467682
824	101650.688	103265.648	133353.484	157224.344	163680.297	159757.156	99142.8672	79062.0625	90314.0703	78805.3281	70017.7344	48319.3945	19503.2031	12431.0254	7081.29443	5914.97998	2667.27026	1184.11182	1479.69775	2369.71362
825	103691.773	112643.031	136372.625	145287.75	170756.719	151727.609	95647.3516	76274.1016	82514.9609	72279.4219	73675.9531	46074.4141	27493.3242	12517.2441	9904.94043	3200.76904	3202.63208	1281.85962	1281.79895	961.530884
826	98423.0625	113478.305	142678.484	139034.359	152569.703	144685.641	98679.3828	74304.4531	89789.0703	91821.7734	70986.25	39489.5273	23980.5801	15993.0986	9023.09082	5900.27002	3129.1333	1392.01953	2424.90942	697.064758
827	102435.586	114399.844	143613.266	152047.594	150753.656	131565.422	99356.4609	72806.5703	81563.4141	75499.3203	64159.3164	33634.1523	24219.8477	10190.1699	8309.09961	4535.51172	2645.50757	3027.14746	756.584473	758.122803
828	107982.109	108631.836	141580.594	135626.547	158274.109	143899.141	96583.7188	72298.1484	75364.0703	84621.6953	66852.8516	48471.8594	21340.0176	12711.7529	7389.36572	4926.63086	4110.69238	2461.72974	1231.59961	2053.82788
829	99844.6484	111213.328	130117.102	140928.75	152958.531	139832.141	97384.9609	67443.0703	87211.7344	82064.9375	74034.5234	39773.082	18280.7578	9812.11133	4917.16553	4017.51245	3568.48804	2232.51245	1338.96057	-446.88855
830	101741.813	118226.148	133079.328	137370.922	151869.234	148085.078	97693	68446.2109	78166.5938	82032.6953	80387.9688	40665.6016	22034.4492	16627.3457	9746.06934	4901.08789	1471.06702	2456.76563	1958.64856	0
831	109220.977	102841.367	137119.672	147255	157708.125	139875.828	112158	78352.0703	87777.6406	84195.8281	60173.707	41307.1016	18763.8828	16631.6973	9664.0918	5923.88428	4300.42041	1611.21338	536.953003	1077.23962
832	93802.9453	107348.602	122046.234	150616.422	130306.719	128147.898	82452.5234	84743.0391	77695.7578	92113.1406	66088.7578	34710.7422	21741.125	18832.9688	8225.33984	1764.14954	2945.14941	2353.8623	589.827454	589.641785
833	110868.117	130781.867	151283.75	142523.25	158543.031	141152.359	80172.4922	66411.3438	83059.6016	95956.4766	65235.2031	44654.8906	22610.5137	14215.2236	5181.04346	3241.67041	4535.48193	5821.34814	3879.19238	1295.24048
834	93923.6406	112026.555	146604.109	127321.844	156711.344	154567.016	90121.0234	77977.8125	75692.8906	93982.3516	60217.7227	38975.4258	21243.6328	12769.8438	6367.49072	3544.2229	3542.6084	1414.35437	2128.90991	0
835	99714.5938	101087.18	133340.875	118174.641	156713.828	122703.656	94733.9297	72075.5625	87081.4688	91515.4609	70440.2813	38072.2617	23987.8555	13229.5947	10056.2666	6194.01123	777.671326	776.397583	2324.25098	-774.397339
836	98957.8281	101810.828	133442.578	146020.531	145642.578	112609.563	88049.4375	82734.0703	82517.5859	85140.3828	76702.125	51375.8672	28215.3438	11956.2129	3403.10669	7666	852.593567	852.486572	851.81781	0
837	101464.789	109100.445	126586.625	131155.594	164460.344	140897.281	93582.7813	78914.8906	75879.3125	100486.195	67416.5625	40372.1406	21597.1191	16951.9238	7519.60547	2819.85229	941.550781	1882.3894	939.699402	937.973083
838	104230.469	87961.5078	117077.023	148447.406	124431.719	135286.359	86592.9609	77355.2969	95651.1094	90666.5156	66568.7734	32093.2305	24665.9629	13355.9131	9253.36426	3091.63306	6181.90527	0	2059.24292	1028.57104
839	100383.555	117676.5	137412.953	132135.156	144521.813	107921.797	68201.8359	71628.8125	81666.3672	72747.4844	68197.5547	60193.8711	21592.4961	15940.0654	6816.11328	3412.55884	1142.73145	0	3408.2168	-1134.86035
840	117875.844	100925.914	113818.453	117677.859	121294.414	139244.453	77724.7734	60189.1836	73730.7188	80206.7969	53834.7422	47544.2617	20058.6426	18790.1914	10023.1689	6274.74316	1254.672	5001.67383	3758.80664	0
841	91171.5234	106535.469	134453.844	107286.469	121497.039	162621.766	77160.6484	60617.6484	75497.8125	82731.9922	73008.6719	37182.5742	16553.6934	12375.7119	6894.33203	1376.89441	2761.77539	1383.85413	4132.37158	-1377.47888
842	92117.5938	98718.9063	127635.156	126505.969	121753.68	124950.406	82478.7188	71732.8281	68452.0859	94400.5547	77678.8984	36590.9648	15296.9531	10669.6816	7628.63135	7620.36328	-1526.97498	3058.52271	1526.56653	-1525.15063
843	93473.5703	117476.359	100654.664	136715.609	123442.063	97739.7734	87569.6094	67365.4688	99212.9531	101380.914	75529.9766	45458.8398	30386.5059	15184.8877	13448.8076	3372.24487	-1687.34265	5048.44678	3369.27856	0
844	75192.0625	108861.797	148128.391	135789.75	144343.594	107496.047	72298.8672	59310.0313	98064.2344	98510.9375	66581.4609	22252.8027	18544.875	18588.7266	12966.3242	5553.85547	0	0	1858.22815	0
845	123566.531	109916.797	141004.656	126881.031	131271.031	164277.656	79885.0625	73415.5781	81945	89930.125	77618.1953	22486.4141	20523.3789	10202.999	-2040.21631	8171.23438	2048.91553	2044.12341	0	-2049.23779
846	97982.1094	100867.109	103656.477	110264.133	105659.055	137496.406	116884.734	89949.4063	83167.9766	83370.6094	65248.1211	27053.5762	15766.624	18011.9219	4509.14258	0	-2260.90137	2259.19067	13535.0908	2258.19409
847	106811.031	119841.703	112323.117	92906.4297	147215.672	127864.383	85874.4609	51599.3203	83619.4453	68560.5	66101.5391	26997.6035	31845.6523	9812.83594	2442.60962	0	0	0	2458.81396	-2451.05103
848	105664.289	119927.945	125521.516	106726.32	90956.9844	115106.203	67061.4688	83017.5078	77492.0156	88248.4688	66672.5859	34970.0898	21402.3164	16075.4922	5341.08984	2675.92041	-2690.51733	8039.13916	0	0
849	126015.539	91102.4766	144124.516	124179.969	118142.203	109567.125	59094.3047	88951.6406	94350.8125	68172.6172	70797.5078	23704.3711	14745.5508	14789.3721	-2945.8772	8874.74023	2960.90112	5906.09082	2959.31714	8862.05762
850	71978.4922	92320.6719	132718.188	152041.172	125453.477	132536.438	86112.0859	19811.5488	135568.188	115818.07	59661.1133	19910.2383	46433.0625	9918.84375	23080.5273	-3299.95801	6610.48584	3310.85693	6604.57471	0
